layer,expert,target_delta_nll,control_delta_nll,causal_specificity,ci_2.5,ci_97.5,p_positive,renorm_target_delta_nll,renorm_control_delta_nll,renorm_causal_specificity
36,229,1.280375361442566,0.4886748492717743,0.9138692244887352,0.41110499345511203,1.4357144342288375,1.0,1.3010811805725098,0.5282308459281921,0.9049080461263657
38,60,0.24451500177383423,0.049528613686561584,0.20736854150891304,0.06265908863395454,0.40011457234621034,0.9994,0.24574808776378632,0.04625768959522247,0.21105482056736946
33,166,0.07009730488061905,-0.011548838578164577,0.07009730488061905,0.0263574378490448,0.10744104593992225,0.999,0.08063892275094986,0.0001101380621548742,0.0805563192043337
27,146,0.2360536754131317,0.18044787645339966,0.10071776807308197,0.031797942198812934,0.17131224072631449,0.9986,0.23845793306827545,0.19977492094039917,0.08862674236297607
33,206,0.058985091745853424,0.001513472176156938,0.05784998761373572,0.013595021935179826,0.08969958896283059,0.9954,0.03563840314745903,0.0038178639952093363,0.03277500515105203
24,146,0.06717895716428757,-0.0008140112622641027,0.06717895716428757,0.008491517387330538,0.11078198683261868,0.987,0.07152313739061356,-0.000850165612064302,0.07152313739061356
33,234,0.044725045561790466,-0.011313468217849731,0.044725045561790466,-0.007952766378410157,0.09425533831119534,0.945,0.020106099545955658,-0.03369348123669624,0.020106099545955658
27,192,0.046307001262903214,-0.008726914413273335,0.046307001262903214,-0.00926539869606495,0.09106546592712401,0.9442,0.05316156521439552,0.013947809115052223,0.042700708378106356
24,206,0.13875146210193634,0.09423879534006119,0.06807236559689045,-0.01831022994220257,0.15719559955038123,0.9396,0.13805148005485535,0.09153179079294205,0.06940263696014881
38,149,0.0009056568378582597,0.0,0.0009056568378582597,-9.40241813659668e-05,0.002498872399330139,0.9094,-0.0008356952457688749,0.0,-0.0008356952457688749
25,196,0.12151012569665909,0.08678377419710159,0.05642229504883289,-0.02832043949514628,0.1419776179427281,0.9028,0.08569911867380142,0.03888525068759918,0.056535180658102036
16,59,0.07585054636001587,-0.013861383311450481,0.07585054636001587,-0.03897076964378357,0.18094252938032146,0.9022,0.014438774436712265,0.005021922755986452,0.010672332369722426
33,142,0.037997011095285416,0.0203035157173872,0.022769374307245016,-0.011622081172186884,0.05287471298873423,0.9002,0.040162667632102966,0.011631850153207779,0.03143878001719713
24,153,0.14040260016918182,0.07968799769878387,0.08063660189509392,-0.04199679486826061,0.20528340292070058,0.8996,0.13924899697303772,0.09123549610376358,0.07082237489521503
27,118,0.024515843018889427,-0.03806626424193382,0.024515843018889427,-0.015447478532791136,0.06535114967823027,0.8794,0.04757644981145859,-0.015413124114274979,0.04757644981145859
27,40,0.06347551196813583,0.04123253375291824,0.03255111165344715,-0.02339954029768705,0.08727158303093162,0.8758,0.07712068408727646,0.0554988831281662,0.03549652174115181
25,224,0.03346249461174011,0.001486350316554308,0.03234773187432438,-0.02147424463927746,0.0728857352733612,0.8704,,,
38,210,0.016305631026625633,-3.384113369975239e-05,0.016305631026625633,-0.007969166427850723,0.04928932145237913,0.87,,,
36,13,0.010067994706332684,-0.003219644073396921,0.010067994706332684,-0.00724498656205833,0.023433312561362978,0.863,,,
25,168,0.1544191539287567,0.13741116225719452,0.051360782235860825,-0.052977658709511155,0.1558256588224321,0.8414,,,
8,35,0.06062449514865875,0.01081449631601572,0.05251362291164696,-0.04799370738863945,0.14042343597300344,0.8274,,,
8,65,0.09083151072263718,0.06898844987154007,0.039090173318982124,-0.04109034419059753,0.12170968469977371,0.8204,,,
36,95,0.018586743623018265,-0.004808240104466677,0.018586743623018265,-0.02599150341749191,0.060907131791114774,0.7986,,,
8,134,0.031066283583641052,-0.02089811861515045,0.031066283583641052,-0.050789208076894285,0.11368191552162166,0.749,,,
8,48,0.02160738781094551,-0.008514603599905968,0.02160738781094551,-0.03812842952460051,0.07565910363197327,0.7442,,,
27,168,0.010770793072879314,-0.0205365102738142,0.010770793072879314,-0.020332913994789124,0.04311318874359131,0.7422,,,
25,88,0.014170524664223194,-0.034141816198825836,0.014170524664223194,-0.027659058034420012,0.05568689781427382,0.7416,,,
8,232,0.027591433376073837,-0.03017006814479828,0.027591433376073837,-0.05210587090253829,0.11192642229795445,0.7336,,,
8,188,0.029303092509508133,-0.002715281443670392,0.029303092509508133,-0.051376416351646186,0.09370554220676419,0.7286,,,
33,131,0.008058133535087109,-0.017153790220618248,0.008058133535087109,-0.013729048013687134,0.0321801700592041,0.7274,,,
8,113,0.030071072280406952,-0.0014966309536248446,0.030071072280406952,-0.053047022223472594,0.09316855303477488,0.7228,,,
38,112,0.003605489619076252,-0.006309387739747763,0.003605489619076252,-0.007775165763683617,0.013866817593574516,0.7224,,,
8,40,0.0367475301027298,0.0009094199631363153,0.03606546513037756,-0.0675128226429224,0.12048203830607226,0.7118,,,
25,254,0.010182967409491539,-0.028514035046100616,0.010182967409491539,-0.025211112588644023,0.04793780052661889,0.7014,,,
27,137,0.005961473099887371,-0.009888931177556515,0.005961473099887371,-0.015686574593186377,0.025869848549365956,0.699,,,
24,187,0.0059333182871341705,-0.01740187220275402,0.0059333182871341705,-0.016615089774131776,0.028152091026306142,0.698,,,
8,44,0.03076530061662197,0.012508882209658623,0.021383638959378004,-0.05437805361393839,0.09148138499259947,0.687,,,
36,250,0.0034820532891899347,-0.0024261223152279854,0.0034820532891899347,-0.008189708352088928,0.012167603954672793,0.6786,,,
36,128,0.002716677263379097,-0.017359528690576553,0.002716677263379097,-0.008561493579298257,0.01284573721885681,0.6722,,,
33,1,0.014603917486965656,-0.004619918763637543,0.014603917486965656,-0.047378990828990934,0.0839868968725204,0.6606,,,
8,93,0.020516149699687958,-0.00390344625338912,0.020516149699687958,-0.058468806535005566,0.08799697579443447,0.6472,,,
25,217,0.007277986966073513,-0.016070343554019928,0.007277986966073513,-0.02633436733484268,0.039770042836666054,0.6464,,,
16,17,0.023667141795158386,0.0018994611455127597,0.022242545936023816,-0.0631706512691453,0.08978757981210943,0.6368,,,
27,110,0.004673495423048735,-0.006410882342606783,0.004673495423048735,-0.01828028428554535,0.024927603140473355,0.619,,,
27,237,0.007338047027587891,-0.0021233544684946537,0.007338047027587891,-0.024642408465035258,0.03029208195209502,0.6172,,,
27,75,0.003516104305163026,-0.012177769094705582,0.003516104305163026,-0.016806438624858856,0.02291296249628066,0.6134,,,
38,168,0.02050056681036949,-0.0021812685299664736,0.02050056681036949,-0.05007873173058033,0.13004286020994182,0.6116,,,
27,230,0.0033526397310197353,-0.013213247992098331,0.0033526397310197353,-0.01881268149614334,0.025155971940606828,0.6076,,,
8,222,0.020464008674025536,0.007224665954709053,0.015045509207993746,-0.06467358777625486,0.0847891272972338,0.6004,,,
8,180,0.02085920423269272,0.016150983050465584,0.00874596694484353,-0.0607482236996293,0.07192582073062656,0.5684,,,
38,54,0.0006134796421974897,-0.003383250441402197,0.0006134796421974897,-0.007295679140836,0.008986739993095395,0.5678,,,
27,152,0.0033977555576711893,-0.017312277108430862,0.0033977555576711893,-0.027452454226091504,0.03163243377208708,0.5648,,,
25,13,0.000965306768193841,-0.008799896575510502,0.000965306768193841,-0.007631567180156708,0.009692531466484066,0.563,,,
36,93,0.002844567410647869,-0.00233487063087523,0.002844567410647869,-0.011978154614567756,0.018499139742925757,0.5616,,,
24,24,0.002705964958295226,-0.01519034244120121,0.002705964958295226,-0.021811470080167053,0.024551894426345817,0.5576,,,
25,84,0.02116422727704048,0.01941075176000595,0.006606163457036018,-0.06620046139881014,0.06350282061100006,0.5552,,,
16,231,0.009896814823150635,-0.0022207219153642654,0.009896814823150635,-0.058027856588363645,0.05860279262065885,0.5548,,,
27,141,0.0014487338485196233,-0.011236554011702538,0.0014487338485196233,-0.023276412725448607,0.019938184728845922,0.5548,,,
24,87,0.001272873836569488,-0.027853114530444145,0.001272873836569488,-0.02117068839073181,0.022954208135604857,0.549,,,
8,97,0.005776474252343178,-0.015818478539586067,0.005776474252343178,-0.06681928664445877,0.07410041326284407,0.5358,,,
36,127,0.0023460816591978073,0.0021549963857978582,0.0007298343698494136,-0.008112411871552467,0.007765454173088064,0.5312,,,
8,131,0.005596053786575794,-0.007368352264165878,0.005596053786575794,-0.04813696619309485,0.048577558219432805,0.5146,,,
27,139,0.0006058812141418457,-0.027834195643663406,0.0006058812141418457,-0.02076526981592178,0.021473438680171916,0.5106,,,
25,22,0.0003184127854183316,-0.0123725775629282,0.0003184127854183316,-0.015676444054581226,0.015456669211387627,0.501,,,
27,176,0.0019670678302645683,-0.010739977471530437,0.0019670678302645683,-0.0414315060377121,0.04848352682590481,0.4954,,,
25,14,-0.0005066132289357483,-0.032439935952425,-0.0005066132289357483,-0.029223571240901948,0.02641370260715482,0.49,,,
38,248,0.0001177501690108329,-0.00405188649892807,0.0001177501690108329,-0.0037259284295141698,0.0038627469539642303,0.487,,,
38,205,7.6055525823903736e-06,-0.0019434738205745816,7.6055525823903736e-06,-0.0033399197757244094,3.544378280639648e-05,0.48,,,
25,247,-0.0010530829895287752,-0.017269957810640335,-0.0010530829895287752,-0.028072049558162688,0.024679280654527225,0.4722,,,
36,245,0.0007967805722728372,-0.001394808990880847,0.0007967805722728372,-0.012264655902981758,0.010792254328727715,0.4666,,,
36,200,0.0033867359161376953,0.004675520583987236,-0.0001199045218527317,-0.01245786550361663,0.009806841519661238,0.4646,,,
24,192,-0.0009345078724436462,-0.022833580151200294,-0.0009345078724436462,-0.024956176481209697,0.02125869554281232,0.4642,,,
24,141,-0.0002579164574854076,-0.00542476074770093,-0.0002579164574854076,-0.017455990152433515,0.014910653471946712,0.4446,,,
25,124,0.003008847124874592,0.004712688736617565,-0.000525669427588582,-0.05857604224793613,0.050081049516797045,0.4338,,,
16,87,-0.002059731399640441,-0.01542959176003933,-0.002059731399640441,-0.06731483434606343,0.058009663105010975,0.4336,,,
27,130,0.0019239378161728382,0.003314982634037733,-0.0005622991593554616,-0.018012467905879022,0.014376739069819448,0.4198,,,
24,145,-0.002213356550782919,-0.019875017926096916,-0.002213356550782919,-0.023163679003715517,0.01901883828639982,0.4168,,,
8,168,-0.006874494720250368,-0.011989410035312176,-0.006874494720250368,-0.08978470838069916,0.06396782147884367,0.4088,,,
24,233,-0.005043728277087212,-0.02563992515206337,-0.005043728277087212,-0.05330321317911148,0.035805966615676844,0.403,,,
16,169,0.049499887973070145,0.07896695286035538,-0.009725326672196388,-0.09128991632070393,0.07102727808058262,0.4026,,,
16,189,0.0021289633587002754,0.004358446225523949,-0.001139871310442686,-0.07429863053653388,0.0599759524767287,0.3994,,,
25,136,-0.0031020021997392178,-0.02379232458770275,-0.0031020021997392178,-0.02850259816646576,0.019371525287628158,0.3948,,,
27,34,-0.0008856391650624573,-0.0043268511071801186,-0.0008856391650624573,-0.013926528891548514,0.00970034182071684,0.3912,,,
24,195,-0.003308055456727743,-0.040629204362630844,-0.003308055456727743,-0.026092884361743927,0.018947899937629683,0.3888,,,
24,50,-0.004423065111041069,-0.019897527992725372,-0.004423065111041069,-0.04102866208553314,0.030012857675552333,0.3832,,,
33,205,0.0001151418691733852,0.0002519045665394515,-7.378655573120341e-05,-0.017548954828642306,0.011188165485858912,0.3802,,,
33,236,-0.0019716524984687567,-0.012955931015312672,-0.0019716524984687567,-0.016957931612618268,0.011924126863479604,0.3758,,,
25,248,-0.006082685198634863,-0.03414423391222954,-0.006082685198634863,-0.042658839225769046,0.029367404282093036,0.3702,,,
8,200,0.012077171355485916,0.031685102730989456,-0.011686655692756176,-0.09822217824310064,0.07181682996451845,0.3684,,,
36,133,0.0007240939303301275,0.0023915537167340517,-0.0010695713572204113,-0.016035359002649782,0.009366151716560118,0.3588,,,
16,3,-0.008787598460912704,-0.0030619578901678324,-0.008787598460912704,-0.09802202770113945,0.08253246033191669,0.3516,,,
25,205,-0.003975870553404093,-0.01759464666247368,-0.003975870553404093,-0.026576584815979,0.01681926035881042,0.3426,,,
38,245,-1.0251999356114538e-06,0.0002200651215389371,-0.00016607404108981427,-0.004852409720420837,0.0035815958976745605,0.3358,,,
16,63,-0.006114392075687647,-0.020268168300390244,-0.006114392075687647,-0.042030407071113586,0.026181003972887966,0.3344,,,
33,127,-0.0020107077434659004,-0.006022831425070763,-0.0020107077434659004,-0.015347245715558528,0.01018160033226013,0.334,,,
33,214,-0.0004260754503775388,0.0021972376853227615,-0.00207400371436961,-0.01411828527972102,0.007293229099363081,0.3136,,,
8,208,-0.004968049470335245,0.014702243730425835,-0.01599473226815462,-0.09281972274184228,0.05446948438882826,0.3118,,,
8,0,-0.011983518488705158,0.004220564384013414,-0.015148941776715219,-0.11269325470924377,0.060655340194702145,0.3088,,,
16,111,-0.016110045835375786,-0.04487620294094086,-0.016110045835375786,-0.07861501598358155,0.046920239329338066,0.3018,,,
25,223,-0.00615239841863513,-0.01375946868211031,-0.00615239841863513,-0.033670473436824985,0.02217643956840037,0.3012,,,
24,36,-0.006497357040643692,-0.026288295164704323,-0.006497357040643692,-0.030439156234264374,0.015117334008216857,0.294,,,
8,118,-0.004221565555781126,0.01222667470574379,-0.013391571585088968,-0.09138013879023492,0.04715925305709241,0.2878,,,
38,97,-1.7416477930964902e-05,0.0012149048270657659,-0.0009285950982302893,-0.006206284999847413,0.002849414408206935,0.278,,,
33,12,-0.003352694446220994,-0.0036487411707639694,-0.003352694446220994,-0.019968014484271407,0.00938611721992491,0.2656,,,
25,152,-0.007469737436622381,-0.012531377375125885,-0.007469737436622381,-0.03804801914095879,0.019170902252197242,0.2642,,,
24,169,-0.011259040795266628,-0.024284012615680695,-0.011259040795266628,-0.04736490082740784,0.020754540801048275,0.25,,,
36,38,-0.0021136761642992496,-7.312103844014928e-05,-0.0021136761642992496,-0.016665194937959312,0.006484292387962329,0.2476,,,
8,249,-0.01390960905700922,0.007745046634227037,-0.019718394032679498,-0.09605205549299717,0.043198033988475784,0.238,,,
27,0,-0.001748957671225071,-0.005619557108730078,-0.001748957671225071,-0.006448158264160156,0.0016324342489242554,0.2372,,,
8,218,-0.016833558678627014,-0.004011213779449463,-0.016833558678627014,-0.09421924641728402,0.037989146590232836,0.2284,,,
27,160,-0.005660546012222767,-0.003637373447418213,-0.005660546012222767,-0.03165442042425275,0.012003028993494804,0.218,,,
24,214,-0.012786753475666046,-0.024351000785827637,-0.012786753475666046,-0.046905553948134185,0.017498424828052507,0.21,,,
8,242,-0.013822069391608238,0.010153498500585556,-0.021437193267047405,-0.08943279001116752,0.029662498112767922,0.2094,,,
36,189,-0.003347473219037056,-0.0016243353020399809,-0.003347473219037056,-0.014978358071297406,0.005598168551921838,0.2072,,,
24,234,-0.00960413459688425,-0.012769878841936588,-0.00960413459688425,-0.03658742940425873,0.013100545406341549,0.1998,,,
33,103,-0.00013290643983054906,0.008751754648983479,-0.006696722426568158,-0.024697819374501707,0.00810618018358942,0.1964,,,
16,158,-0.02384965680539608,-0.0021747492719441652,-0.02384965680539608,-0.10518769895564765,0.0356557668969034,0.1786,,,
25,102,-0.017344970256090164,-0.017859984189271927,-0.017344970256090164,-0.06108070555329322,0.016246477127075182,0.176,,,
8,68,-0.02384769730269909,0.0036360006779432297,-0.02657469781115651,-0.10147250291798263,0.03282069833576678,0.1664,,,
8,191,-0.014764134772121906,0.018126044422388077,-0.028358668088912964,-0.0998043222874403,0.033341861404478534,0.1644,,,
33,114,-0.007253236602991819,-0.013728425838053226,-0.007253236602991819,-0.022954949282109737,0.007365249037742608,0.1624,,,
36,190,-0.004000048618763685,-0.012492699548602104,-0.004000048618763685,-0.01195437467098236,0.004060496211051939,0.1578,,,
25,116,-0.015712616965174675,-0.014391210861504078,-0.015712616965174675,-0.04883658449538052,0.01527433055639266,0.1442,,,
25,215,-0.015076573006808758,-0.006683300714939833,-0.015076573006808758,-0.04993775987625122,0.014463376723229875,0.1396,,,
27,195,-0.0034243750851601362,-0.0016155026387423277,-0.0034243750851601362,-0.012253832216374577,0.003150358378887176,0.134,,,
38,189,-0.001311178202740848,0.004224583972245455,-0.004479616181924939,-0.023135963410139085,0.0022610000371932975,0.1326,,,
16,97,-0.025507180020213127,0.004536401014775038,-0.028909480781294405,-0.0930914167240262,0.02246701397001739,0.1304,,,
27,161,-0.018053386360406876,-0.0008236420108005404,-0.018053386360406876,-0.06388603460788726,0.01236860275268554,0.1302,,,
38,71,-0.002986414358019829,-0.006981539074331522,-0.002986414358019829,-0.008630581855773926,0.0018208725452423032,0.1238,,,
33,182,-0.009773061610758305,-0.017154134809970856,-0.009773061610758305,-0.02745015075430274,0.006267119050025922,0.1226,,,
16,81,-0.02302841655910015,0.0029897831846028566,-0.025270753947552294,-0.0873114179521799,0.020205552697181602,0.1216,,,
16,237,-0.01767038181424141,-0.017784927040338516,-0.01767038181424141,-0.04833259117603302,0.012216210961341772,0.1204,,,
8,10,-0.014927420765161514,-0.008820666931569576,-0.014927420765161514,-0.04579155838489533,0.010441394686698894,0.1184,,,
27,253,-0.004652626346796751,-0.001100059482268989,-0.004652626346796751,-0.017797178491950033,0.0037244167421013083,0.1176,,,
36,98,-0.002807595767080784,0.004085286054760218,-0.005871560308150947,-0.01919521453883499,0.003619364098645738,0.1146,,,
16,72,-0.028730446472764015,0.011419585905969143,-0.03729513590224087,-0.10574439439177513,0.023171838179230665,0.1072,,,
38,171,-0.0012433051597326994,0.000624725827947259,-0.0017118495306931436,-0.004670887857675552,2.718091011047362e-06,0.106,,,
36,102,-0.005720140878111124,0.0021709168795496225,-0.007348328537773341,-0.0225662014009431,0.004666301050223403,0.1056,,,
24,3,-0.017831088975071907,-0.026717035099864006,-0.017831088975071907,-0.04664340609312057,0.009043544173240636,0.0964,,,
36,122,-0.00673395162448287,-0.004286220297217369,-0.00673395162448287,-0.01765009189490229,0.0029341126680374127,0.0846,,,
24,54,-0.01722576841711998,-0.010748940519988537,-0.01722576841711998,-0.04468216592073441,0.008146271347999562,0.0838,,,
16,80,-0.03741387650370598,0.001262768404558301,-0.038360952807124704,-0.11729426374100148,0.015009740477427804,0.0818,,,
25,109,-0.01856239140033722,-0.01171140931546688,-0.01856239140033722,-0.04773298019170761,0.006537477314472196,0.0812,,,
16,95,-0.026019427925348282,0.006600880064070225,-0.03097008797340095,-0.08855772461090237,0.011851958453655234,0.0794,,,
33,137,-0.0038814281579107046,-0.0012475064722821116,-0.0038814281579107046,-0.014635779714211821,0.0015231561660766575,0.0734,,,
36,235,-0.003928950056433678,0.004735888447612524,-0.007480866392143071,-0.01984670006856322,0.0019144731666892723,0.0672,,,
33,173,-0.009560730308294296,-0.009010126814246178,-0.009560730308294296,-0.02238410848379135,0.0027715155482292107,0.0668,,,
36,154,-0.010734614916145802,-0.025162067264318466,-0.010734614916145802,-0.025541871786117554,0.00331631064414978,0.0656,,,
36,254,-0.008092508651316166,6.375506200129166e-05,-0.008140324947817135,-0.023617144156247376,0.0025035607265308417,0.0652,,,
38,63,-0.0023820686619728804,-0.001737277372740209,-0.0023820686619728804,-0.007629322474822403,0.0006163965463638289,0.0632,,,
8,121,-0.02858699858188629,0.023897536098957062,-0.04651015065610409,-0.1192896767705679,0.011479215815663269,0.0624,,,
16,28,-0.027065547183156013,-0.04109218716621399,-0.027065547183156013,-0.06358696520328522,0.006112496972084042,0.0618,,,
36,82,-0.0006439352291636169,0.003707461291924119,-0.003424531198106706,-0.00834169703722,2.8835624456405636e-05,0.0508,,,
33,133,-0.010537263937294483,-0.0019536123145371675,-0.010537263937294483,-0.02819048246182501,0.002007213473320006,0.0476,,,
16,180,-0.058209128677845,-0.022457914426922798,-0.058209128677845,-0.13255972634255886,0.01018374788761135,0.0472,,,
38,62,-0.004934573080390692,-0.005638401955366135,-0.004934573080390692,-0.010988560438156127,0.0007536278963088972,0.0464,,,
27,248,-0.015675436705350876,0.005719250533729792,-0.01996487460564822,-0.05028699829988181,0.0038855438232421767,0.0448,,,
36,196,-0.0036468124017119408,0.01010226272046566,-0.011223509442061186,-0.025015745148062707,0.0012161540538072565,0.0418,,,
16,115,-0.03694208711385727,-0.0022725022863596678,-0.03694208711385727,-0.09943299430049957,0.004199044227600089,0.0416,,,
8,186,-0.03981693089008331,0.026217244565486908,-0.059479864314198494,-0.13377364203333855,0.007550716876983537,0.0396,,,
24,236,-0.030564041808247566,0.003144388785585761,-0.03292233339743689,-0.0791771733239293,0.002914692401885971,0.036,,,
16,159,-0.04680672660470009,-0.03130434826016426,-0.04680672660470009,-0.10050891375541687,0.003313077807426411,0.0354,,,
8,120,-0.028338031843304634,-0.010916715487837791,-0.028338031843304634,-0.06395120429992675,-0.0002067286968231425,0.0244,,,
33,150,-0.012004158459603786,-0.0035004245582967997,-0.012004158459603786,-0.027235153406858444,-0.00022183763980865607,0.0232,,,
25,58,-0.03455695882439613,-0.049067214131355286,-0.03455695882439613,-0.0668900443315506,-0.0021678729653358698,0.017,,,
8,18,-0.04157206416130066,-0.006366587709635496,-0.04157206416130066,-0.08861367923021315,-0.00470059528946879,0.014,,,
38,157,-0.000870718969963491,9.999871508625802e-06,-0.0008782188735949603,-0.00257802164554596,-2.4631135165691406e-06,0.0138,,,
38,58,-0.00014201164594851434,4.429817181517137e-06,-0.0001453340088346522,-0.00042785289883613583,-1.850128173828125e-06,0.0108,,,
16,46,-0.050630465149879456,0.0002505510929040611,-0.0508183784695575,-0.1084753918647766,-0.006975544512271956,0.0108,,,
25,144,-0.005692331586033106,0.006341293919831514,-0.010448302025906742,-0.02157681762613356,-0.0012608196809887966,0.0102,,,
33,87,-0.012421350926160812,-0.0005705266958102584,-0.012421350926160812,-0.025631552815437317,-0.002047187328338642,0.01,,,
36,130,-0.00856905709952116,0.000449973187642172,-0.008906536990252789,-0.02023124160338193,-0.0015942144440487303,0.0082,,,
27,155,-0.032715555280447006,-0.03458542749285698,-0.032715555280447006,-0.062112403452396395,-0.006984749853611055,0.007,,,
33,44,-0.011011135764420033,-0.0012491227826103568,-0.011011135764420033,-0.02392738309688866,-0.0024408100843429596,0.0062,,,
33,9,-0.007686109747737646,-0.0034972368739545345,-0.007686109747737646,-0.016028268337249754,-0.0015685554537922146,0.005,,,
24,110,-0.04956090822815895,-0.033678147941827774,-0.04956090822815895,-0.08945216345787048,-0.012121522903442391,0.0042,,,
38,95,-0.005509498063474894,-0.00247885356657207,-0.005509498063474894,-0.010914619028568268,-0.0014624850153923052,0.0014,,,
16,14,-0.07017265260219574,0.021216530352830887,-0.0860850503668189,-0.14629744353983554,-0.028128996565006704,0.0006,,,
36,94,-0.00901735108345747,-0.021611910313367844,-0.00901735108345747,-0.015628444671630857,-0.0036497250795364438,0.0002,,,
27,53,0.0,0.0,0.0,0.0,0.0,0.0,,,
38,90,0.0,0.0,0.0,0.0,0.0,0.0,,,
38,188,0.0,0.0,0.0,0.0,0.0,0.0,,,
16,243,0.0,0.0,0.0,0.0,0.0,0.0,,,
16,187,0.0,0.0,0.0,0.0,0.0,0.0,,,
16,68,0.0,0.0,0.0,0.0,0.0,0.0,,,
16,25,0.0,0.0,0.0,0.0,0.0,0.0,,,
24,137,0.0,0.0,0.0,0.0,0.0,0.0,,,
8,2,0.0,0.0,0.0,0.0,0.0,0.0,,,
38,43,-8.583069188716763e-08,-0.0004507762205321342,-8.583069188716763e-08,-0.0017579149156808852,0.0,0.0,,,
36,204,-9.91821252682712e-07,7.629394360719743e-08,-1.04904171038811e-06,-4.08172607421875e-06,0.0,0.0,,,
38,129,-1.516342194918252e-06,3.52859501617786e-07,-1.7809868211315916e-06,-5.049705505371094e-06,0.0,0.0,,,
