layer,expert,target_delta_nll,control_delta_nll,causal_specificity,renorm_causal_specificity,ci_2.5,ci_97.5,p_positive,selection_supervised_selected_rate,selection_supervised_routing_mass,hybrid_causal_exposure
36,229,1.280375361442566,0.4886748492717743,0.9138692244887352,0.9049080461263657,0.4166057519279421,1.4125016637146472,1.0,0.19875776397515527,0.052673718944099376,0.20973989357783687
38,60,0.24451500177383423,0.049528613686561584,0.20736854150891304,0.21105482056736946,0.06033758796472102,0.39307264526467767,0.9993,0.34782608695652173,0.11850980201863354,0.0713871443364849
27,146,0.2360536754131317,0.18044787645339966,0.10071776807308197,0.08862674236297607,0.03174441258609293,0.16909511912427835,0.9975,0.32298136645962733,0.06885675465838509,0.026428917060612102
24,153,0.14040260016918182,0.07968799769878387,0.08063660189509392,0.07082237489521503,-0.04283802407654001,0.2019964031069539,0.9018,0.32298136645962733,0.05153945069875776,0.018306364723121017
16,59,0.07585054636001587,-0.013861383311450481,0.07585054636001587,0.010672332369722426,-0.04246740889549255,0.1795978434085845,0.8999,0.45962732919254656,0.1232121627523292,0.026624747871739813
33,166,0.07009730488061905,-0.011548838578164577,0.07009730488061905,0.0805563192043337,0.027202945974655453,0.1074593756198883,0.9985,0.2857142857142857,0.03691830842391304,0.01346859262345635
24,206,0.13875146210193634,0.09423879534006119,0.06807236559689045,0.06940263696014881,-0.01908118149638176,0.15458979186974464,0.9382,0.3105590062111801,0.041173330745341616,0.013812708403056975
24,146,0.06717895716428757,-0.0008140112622641027,0.06717895716428757,0.07152313739061356,0.006112459716387092,0.11090197437349705,0.9855,0.4409937888198758,0.051915518245341616,0.015306710020877946
33,206,0.058985091745853424,0.001513472176156938,0.05784998761373572,0.03277500515105203,0.014292003191076218,0.09105983381252734,0.9956,0.32919254658385094,0.04858246797360249,0.012750965093131374
25,196,0.12151012569665909,0.08678377419710159,0.05642229504883289,0.056535180658102036,-0.027420126403681924,0.14257525909319516,0.905,0.3167701863354037,0.038189052795031056,0.011026055927092113
25,168,0.1544191539287567,0.13741116225719452,0.051360782235860825,0.021651336923241615,-0.052955965578556044,0.1534433995597064,0.835,0.3105590062111801,0.06997282608695653,0.013586147862991811
27,192,0.046307001262903214,-0.008726914413273335,0.046307001262903214,0.042700708378106356,-0.010351410076022149,0.0904344829916954,0.9418,0.16770186335403728,0.047154017857142856,0.010055554166852144
33,234,0.044725045561790466,-0.011313468217849731,0.044725045561790466,0.020106099545955658,-0.008790912399999795,0.09455083739757536,0.9464,0.3105590062111801,0.07107070069875776,0.011923289539609966
8,65,0.09083151072263718,0.06898844987154007,0.039090173318982124,0.04315072298049927,-0.041865987926721575,0.12166752485930918,0.8281,0.32298136645962733,0.03925053377329193,0.007744446422830443
27,40,0.06347551196813583,0.04123253375291824,0.03255111165344715,0.03549652174115181,-0.02406277633178979,0.08691977519076317,0.8687,0.0,0.0,3.255111165344715e-08
25,224,0.03346249461174011,0.001486350316554308,0.03234773187432438,0.02123362384736538,-0.022796473585069178,0.07412016615271566,0.8618,0.30434782608695654,0.027756211180124224,0.00538919534787607
27,118,0.024515843018889427,-0.03806626424193382,0.024515843018889427,0.04757644981145859,-0.016226966500282287,0.0649940025806427,0.8852,0.13664596273291926,0.011324485636645962,0.0026088918403051236
33,142,0.037997011095285416,0.0203035157173872,0.022769374307245016,0.03143878001719713,-0.010462156739551578,0.052959255937021214,0.9079,0.3416149068322981,0.03957656007375776,0.004529707075857429
16,17,0.023667141795158386,0.0018994611455127597,0.022242545936023816,-0.0016349244397133589,-0.06727030948689208,0.09182035951316352,0.6305,0.32919254658385094,0.045473845108695655,0.004743133355808098
3,114,0.0187845416367054,-0.048416975885629654,0.0187845416367054,-0.023375535383820534,-0.05985656702518463,0.09808591747283935,0.6679,0.006211180124223602,0.0005216420807453416,0.00042902925969046964
38,210,0.016305631026625633,-3.384113369975239e-05,0.016305631026625633,0.02173669493640773,-0.00755796068906784,0.049941836804151526,0.8765,0.39751552795031053,0.06917368255046584,0.004288526113356733
25,46,0.015749072656035423,-0.010108035057783127,0.015749072656035423,0.012442572042346,-0.047337512847967445,0.06984263932704925,0.6768,0.14285714285714285,0.013347365100931678,0.0018195029191304982
32,240,0.013177802786231041,-0.009312471374869347,0.013177802786231041,0.025801698211580515,-0.0019531694650650024,0.027099420309066768,0.9559,0.18012422360248448,0.018345424107142856,0.0017848711995424663
36,13,0.010067994706332684,-0.003219644073396921,0.010067994706332684,0.007076307665556669,-0.007160251781344414,0.023962098874151697,0.8589,0.08695652173913043,0.008174919934006212,0.0009103003976988404
38,149,0.0009056568378582597,0.0,0.0009056568378582597,-0.0008356952457688749,-9.347081184387207e-05,0.0024973477125167847,0.9157,0.006211180124223602,0.0004397564052795031,1.899195873119108e-05
13,197,0.0023931432515382767,0.004051112104207277,-0.0006451908266171813,-0.04754243232309818,-0.09411548878997564,0.07047752672433853,0.4043,0.0,0.0,0.0
28,223,-0.002083771163597703,-0.00024621293414384127,-0.002083771163597703,-0.012364795431494713,-0.03677294914610684,0.02054347729682922,0.332,0.037267080745341616,0.004000266886645963,0.0
11,180,-0.0022739721462130547,-0.006768964696675539,-0.0022739721462130547,-0.02702690428122878,-0.08704840505123139,0.06653615009784698,0.4242,0.32298136645962733,0.028637240392080744,0.0
34,228,-0.002573936013504863,-0.009193276055157185,-0.002573936013504863,0.001983041875064373,-0.024422675234265626,0.01796500039100646,0.3941,0.08695652173913043,0.007516801727484472,0.0
15,12,0.09013666957616806,0.12995827198028564,-0.007332034409046173,0.018512867391109467,-0.10530297329276801,0.08997447916027157,0.4399,0.33540372670807456,0.04677795031055901,0.0
16,169,0.049499887973070145,0.07896695286035538,-0.009725326672196388,-0.04413079656660557,-0.09074823167920112,0.07169971622526641,0.4044,0.024844720496894408,0.0029023922748447205,0.0
14,88,0.02450067549943924,0.08336183428764343,-0.038020700216293335,-0.031901839189231396,-0.11995533477235586,0.04083984197489916,0.1809,0.055900621118012424,0.005804784549689441,0.0
4,75,-0.05540609359741211,-0.03201237693428993,-0.05540609359741211,-0.005916106514632702,-0.16736563073005528,0.056133193910121885,0.1591,0.3105590062111801,0.047141886645962736,0.0
6,179,-0.055891599506139755,-0.042589474469423294,-0.055891599506139755,-0.006112146191298962,-0.13955936610884964,0.02919433248043059,0.0937,0.37888198757763975,0.041904236218944096,0.0
12,138,-0.03878699988126755,0.03110535815358162,-0.06211601849645376,-0.06610764563083649,-0.1494912393465638,0.01620223283767696,0.0585,0.32919254658385094,0.028570518730590064,0.0
17,27,-0.06933668255805969,-0.023200204595923424,-0.06933668255805969,-0.06309662014245987,-0.12276328074932098,-0.021985077857971227,0.0019,0.0,0.0,0.0
20,34,-0.0841938778758049,0.007604336366057396,-0.08989713015034795,-0.11851221136748791,-0.1539211063608527,-0.03837599503993989,0.0003,0.006211180124223602,0.0003700019409937888,0.0
29,194,-0.07767787575721741,0.01819213107228279,-0.0913219740614295,-0.19462254969403148,-0.1876118228826672,-0.014606274962425243,0.0109,0.34782608695652173,0.07231111704192547,0.0
15,244,-0.16482524573802948,-0.22103337943553925,-0.16482524573802948,-0.1415594518184662,-0.2931363672018051,-0.036592461824417125,0.0059,0.40372670807453415,0.10193250194099379,0.0
