method,family,lr,updates,generation_accuracy,control_abs_shift,target_improvement,trainable_params,control_improvement,specific_gain,selective_target_gain,relative_target_improvement,relative_control_improvement,target_nll,control_nll,parameter_delta_l2,peak_gpu_gib,train_wall_seconds
gradient_experts,full_expert,1e-05,0,0.8125,0.0,0.0,12582912,0.0,0.0,0.0,0.0,0.0,0.9735890626907349,1.7376070022583008,,,
gradient_experts,full_expert,1e-05,1,0.796875,0.006443142890930176,0.0008439421653747559,12582912,-0.006443142890930176,0.007287085056304932,-0.00559920072555542,0.0008668361197919887,-0.0037080553212298704,0.9727451205253601,1.744050145149231,0.034789315642816274,63.13094615936279,325.7384967803955
gradient_experts,full_expert,1e-05,2,0.78125,7.903575897216797e-05,0.0026703476905822754,12582912,-7.903575897216797e-05,0.0027493834495544434,0.0025913119316101074,0.0027427872733103245,-4.548540542795249e-05,0.9709187150001526,1.737686038017273,0.057736793429182885,63.13094615936279,325.7384967803955
gradient_experts,full_expert,1e-05,4,0.796875,0.00836181640625,0.016513705253601074,12582912,0.00836181640625,0.008151888847351074,0.008151888847351074,0.01696167909688888,0.004812259846664102,0.9570753574371338,1.7292451858520508,0.0983775975074227,63.13094615936279,325.7384967803955
gradient_experts,full_expert,1e-05,8,0.796875,0.030221104621887207,0.04989826679229736,12582912,0.030221104621887207,0.019677162170410156,0.019677162170410156,0.051251876900087756,0.0173923704166765,0.9236907958984375,1.7073858976364136,0.1738168051066311,63.13094615936279,325.7384967803955
gradient_experts,full_expert,1e-05,16,0.8125,0.06548810005187988,0.09771895408630371,12582912,0.06548810005187988,0.03223085403442383,0.03223085403442383,0.10036981497741475,0.037688671815184635,0.8758701086044312,1.672118902206421,0.3106816766974356,63.13094615936279,325.7384967803955
gradient_experts,full_expert,1e-05,32,0.8125,0.11083579063415527,0.17439156770706177,12582912,0.11083579063415527,0.0635557770729065,0.0635557770729065,0.17912235704979163,0.06378645487161727,0.7991974949836731,1.6267712116241455,0.5510242100450733,63.13094615936279,325.7384967803955
gradient_experts,full_expert,1e-05,64,0.796875,0.20563054084777832,0.3335844874382019,12582912,0.20563054084777832,0.12795394659042358,0.12795394659042358,0.34263376636161597,0.11834122478818757,0.640004575252533,1.5319764614105225,0.9848246758326806,63.13094615936279,325.7384967803955
gradient_specific_experts,full_expert,1e-05,0,0.8125,0.0,0.0,12582912,0.0,0.0,0.0,0.0,0.0,0.9735890626907349,1.7376070022583008,,,
gradient_specific_experts,full_expert,1e-05,1,0.796875,0.004485607147216797,0.0017734766006469727,12582912,-0.004485607147216797,0.0062590837478637695,-0.0027121305465698242,0.001821586404992643,-0.0025814854229909445,0.9718155860900879,1.7420926094055176,0.03544726628697971,63.13094615936279,325.4092786312103
gradient_specific_experts,full_expert,1e-05,2,0.796875,0.002276182174682617,0.0022243857383728027,12582912,-0.002276182174682617,0.00450056791305542,-5.179643630981445e-05,0.002284727534043169,-0.0013099522341498112,0.9713646769523621,1.7398831844329834,0.05577428444638296,63.13094615936279,325.4092786312103
gradient_specific_experts,full_expert,1e-05,4,0.78125,0.0044519901275634766,0.009997010231018066,12582912,-0.0044519901275634766,0.014449000358581543,0.00554502010345459,0.010268203099353904,-0.0025621386894605033,0.9635920524597168,1.7420589923858643,0.08860477280121665,63.13094615936279,325.4092786312103
gradient_specific_experts,full_expert,1e-05,8,0.828125,0.0001939535140991211,0.030027031898498535,12582912,0.0001939535140991211,0.029833078384399414,0.029833078384399414,0.030841587122509367,0.0001116210477093193,0.9435620307922363,1.7374130487442017,0.14317376580733632,63.13094615936279,325.4092786312103
gradient_specific_experts,full_expert,1e-05,16,0.828125,0.002279996871948242,0.06428706645965576,12582912,-0.002279996871948242,0.066567063331604,0.06200706958770752,0.06603100725267376,-0.00131214760816745,0.9093019962310791,1.739886999130249,0.23982777146225068,63.13094615936279,325.4092786312103
gradient_specific_experts,full_expert,1e-05,32,0.796875,0.004043102264404297,0.12073254585266113,12582912,-0.004043102264404297,0.12477564811706543,0.11668944358825684,0.12400770559088788,-0.002326822036944852,0.8528565168380737,1.741650104522705,0.4149545336644582,63.13094615936279,325.4092786312103
gradient_specific_experts,full_expert,1e-05,64,0.828125,0.0010640621185302734,0.21139675378799438,12582912,0.0010640621185302734,0.2103326916694641,0.2103326916694641,0.21713139751565344,0.000612372140045104,0.7621923089027405,1.7365429401397705,0.750134493272556,63.13094615936279,325.4092786312103
contrastive_experts,full_expert,1e-05,0,0.8125,0.0,0.0,12582912,0.0,0.0,0.0,0.0,0.0,0.9735890626907349,1.7376070022583008,,,
contrastive_experts,full_expert,1e-05,1,0.8125,0.0007108449935913086,0.002382338047027588,12582912,-0.0007108449935913086,0.0030931830406188965,0.0016714930534362793,0.0024469646777290767,-0.00040909422709936756,0.9712067246437073,1.738317847251892,0.034788788597321485,63.13094615936279,325.8587658405304
contrastive_experts,full_expert,1e-05,2,0.796875,0.001137852668762207,0.005377292633056641,12582912,-0.001137852668762207,0.006515145301818848,0.004239439964294434,0.005523164586704856,-0.0006548389061988032,0.9682117700576782,1.738744854927063,0.057676453033427146,63.13094615936279,325.8587658405304
contrastive_experts,full_expert,1e-05,4,0.796875,0.009362339973449707,0.017721951007843018,12582912,0.009362339973449707,0.00835961103439331,0.00835961103439331,0.018202701413740592,0.00538806528822791,0.9558671116828918,1.728244662284851,0.09858338727576563,63.13094615936279,325.8587658405304
contrastive_experts,full_expert,1e-05,8,0.828125,0.03347063064575195,0.04516196250915527,12582912,0.03347063064575195,0.01169133186340332,0.01169133186340332,0.04638708900892941,0.019262486052514443,0.9284271001815796,1.7041363716125488,0.17082615754359573,63.13094615936279,325.8587658405304
contrastive_experts,full_expert,1e-05,16,0.828125,0.0665121078491211,0.09929525852203369,12582912,0.0665121078491211,0.0327831506729126,0.0327831506729126,0.10198888044983646,0.03827799252804453,0.8742938041687012,1.6710948944091797,0.30420284590541047,63.13094615936279,325.8587658405304
contrastive_experts,full_expert,1e-05,32,0.796875,0.10949516296386719,0.17414087057113647,12582912,0.10949516296386719,0.06464570760726929,0.06464570760726929,0.17886485915305844,0.06301491811529336,0.7994481921195984,1.6281118392944336,0.5413454957482567,63.13094615936279,325.8587658405304
contrastive_experts,full_expert,1e-05,64,0.828125,0.2025909423828125,0.3325648307800293,12582912,0.2025909423828125,0.1299738883972168,0.1299738883972168,0.34158644907216884,0.11659192332875781,0.6410242319107056,1.5350160598754883,0.9762366476012817,63.13094615936279,325.8587658405304
standard_lora,lora,1e-05,0,0.8125,0.0,0.0,12288000,0.0,0.0,0.0,0.0,0.0,0.9735890626907349,1.7376070022583008,,,
standard_lora,lora,1e-05,1,0.828125,0.005346417427062988,0.0016344189643859863,12288000,-0.005346417427062988,0.006980836391448975,-0.003711998462677002,0.001678756496985389,-0.003076885291158735,0.9719546437263489,1.7429534196853638,0.023603657478229952,63.03504180908203,349.8011546134949
standard_lora,lora,1e-05,2,0.796875,0.006020545959472656,0.002080261707305908,12288000,-0.006020545959472656,0.008100807666778564,-0.003940284252166748,0.0021366937931252346,-0.0034648490433383298,0.971508800983429,1.7436275482177734,0.03849043212349848,63.03504180908203,349.8011546134949
standard_lora,lora,1e-05,4,0.828125,0.005374550819396973,0.0028429031372070312,12288000,-0.005374550819396973,0.008217453956604004,-0.0025316476821899414,0.0029200237000917223,-0.0030930761745388206,0.9707461595535278,1.7429815530776978,0.06754059931898938,63.03504180908203,349.8011546134949
standard_lora,lora,1e-05,8,0.8125,0.004475116729736328,0.0005252957344055176,12288000,-0.004475116729736328,0.005000412464141846,-0.0039498209953308105,0.0005395456404920402,-0.002575448144442438,0.9730637669563293,1.742082118988037,0.1280745425698146,63.03504180908203,349.8011546134949
standard_lora,lora,1e-05,16,0.828125,0.00292205810546875,0.0067005157470703125,12288000,-0.00292205810546875,0.009622573852539062,0.0037784576416015625,0.006882283299847179,-0.001681656497511269,0.9668885469436646,1.7405290603637695,0.25434942711568753,63.03504180908203,349.8011546134949
standard_lora,lora,1e-05,32,0.796875,0.002947211265563965,0.014810442924499512,12288000,0.002947211265563965,0.011863231658935547,0.011863231658935547,0.015212211693881896,0.0016961322449400745,0.9587786197662354,1.7346597909927368,0.5195979697334823,63.03504180908203,349.8011546134949
standard_lora,lora,1e-05,64,0.828125,0.053507089614868164,0.06608808040618896,12288000,0.053507089614868164,0.0125809907913208,0.0125809907913208,0.06788087802007504,0.030793550869285785,0.9075009822845459,1.6840999126434326,1.0509063118535242,63.03504180908203,349.8011546134949
random_layer_lora,lora,1e-05,0,0.8125,0.0,0.0,12533760,0.0,0.0,0.0,0.0,0.0,0.9735890626907349,1.7376070022583008,,,
random_layer_lora,lora,1e-05,1,0.8125,0.010097026824951172,0.0002817511558532715,12533760,-0.010097026824951172,0.010378777980804443,-0.0098152756690979,0.00028939433139746665,-0.00581088060293752,0.9733073115348816,1.747704029083252,0.02398250634158289,63.03687286376953,330.80293440818787
random_layer_lora,lora,1e-05,2,0.8125,0.008110523223876953,0.0017121434211730957,12533760,-0.008110523223876953,0.009822666645050049,-0.006398379802703857,0.0017585894159915867,-0.00466763958325215,0.9718769192695618,1.7457175254821777,0.0392303961565756,63.03687286376953,330.80293440818787
random_layer_lora,lora,1e-05,4,0.765625,0.00634002685546875,0.004543185234069824,12533760,-0.00634002685546875,0.010883212089538574,-0.0017968416213989258,0.004666430024915952,-0.0036487116173155735,0.969045877456665,1.7439470291137695,0.0696873173295387,63.03687286376953,330.80293440818787
random_layer_lora,lora,1e-05,8,0.828125,0.003450155258178711,0.004993438720703125,12533760,-0.003450155258178711,0.008443593978881836,0.001543283462524414,0.0051288977167662725,-0.0019855785880781313,0.9685956239700317,1.7410571575164795,0.13364131285294756,63.03687286376953,330.80293440818787
random_layer_lora,lora,1e-05,16,0.8125,0.0053081512451171875,0.013356208801269531,12533760,0.0053081512451171875,0.008048057556152344,0.008048057556152344,0.013718527983825753,0.0030548629455442963,0.9602328538894653,1.7322988510131836,0.26684945290156675,63.03687286376953,330.80293440818787
random_layer_lora,lora,1e-05,32,0.8125,0.04173421859741211,0.04610550403594971,12533760,0.04173421859741211,0.004371285438537598,0.004371285438537598,0.047356226361589,0.024018215018224348,0.9274835586547852,1.6958727836608887,0.5445678170747916,63.03687286376953,330.80293440818787
random_layer_lora,lora,1e-05,64,0.796875,0.1276226043701172,0.12569499015808105,12533760,0.1276226043701172,-0.0019276142120361328,-0.0019276142120361328,0.1291047680945535,0.07344733544711261,0.8478940725326538,1.6099843978881836,1.0953273812103117,63.03687286376953,330.80293440818787
contrastive_lora,lora,1e-05,0,0.8125,0.0,0.0,12644352,0.0,0.0,0.0,0.0,0.0,0.9735890626907349,1.7376070022583008,,,
contrastive_lora,lora,1e-05,1,0.796875,0.006810426712036133,0.0028995275497436523,12644352,-0.006810426712036133,0.009709954261779785,-0.0039108991622924805,0.0029781841855640286,-0.00391942867586565,0.9706895351409912,1.744417428970337,0.02408792864200122,63.037696838378906,330.2031760215759
contrastive_lora,lora,1e-05,2,0.828125,0.005535125732421875,0.0020508766174316406,12644352,-0.005535125732421875,0.007586002349853516,-0.0034842491149902344,0.0021065115622432903,-0.0031854876995938007,0.9715381860733032,1.7431421279907227,0.038542208689335986,63.037696838378906,330.2031760215759
contrastive_lora,lora,1e-05,4,0.828125,0.0037838220596313477,-0.0005918145179748535,12644352,-0.0037838220596313477,0.003192007541656494,-0.004375636577606201,-0.0006078689055310867,-0.002177605209183469,0.9741808772087097,1.7413908243179321,0.06936681273129452,63.037696838378906,330.2031760215759
contrastive_lora,lora,1e-05,8,0.8125,0.0009762048721313477,0.004042446613311768,12644352,0.0009762048721313477,0.00306624174118042,0.00306624174118042,0.0041521076686497965,0.0005618099322013619,0.9695466160774231,1.7366307973861694,0.1353028923971244,63.037696838378906,330.2031760215759
contrastive_lora,lora,1e-05,16,0.796875,0.015528440475463867,0.019919276237487793,12644352,0.015528440475463867,0.004390835762023926,0.004390835762023926,0.020459634357884365,0.008936681571426769,0.9536697864532471,1.722078561782837,0.27206871940395577,63.037696838378906,330.2031760215759
contrastive_lora,lora,1e-05,32,0.8125,0.061527371406555176,0.06774264574050903,12644352,0.061527371406555176,0.006215274333953857,0.006215274333953857,0.06958032740557583,0.03540925613593317,0.9058464169502258,1.6760796308517456,0.5531449965212074,63.037696838378906,330.2031760215759
contrastive_lora,lora,1e-05,64,0.796875,0.17563045024871826,0.15453308820724487,12644352,0.17563045024871826,-0.02109736204147339,-0.02109736204147339,0.15872516868683542,0.10107604885365802,0.81905597448349,1.5619765520095825,1.0864635276666454,63.037696838378906,330.2031760215759
