layer,expert,precise_target_grad_l2,precise_control_grad_l2,precise_grad_dot,precise_grad_cosine,precise_grad_specific,precise_grad_ratio,precise_target_orthogonal_l2,precise_target_orthogonal_fraction,precise_abs_grad_cosine
8,184,0.31295111550086824,0.009140296049673955,2.939627847808879e-06,0.0010276745143454257,0.30609589346361277,34.23861916133372,0.3129509502446554,0.9999994719424069,0.0010276745143454257
15,23,0.2568547202084807,0.044147694995226,0.0001449738338124007,0.012784802967668025,0.2237439489620612,5.818077710069306,0.2568337277461927,0.9999182710667298,0.012784802967668025
15,99,0.079165744645413,0.0,0.0,0.0,0.079165744645413,79165744645.413,0.079165744645413,1.0,0.0
15,174,0.08300430627037383,0.0,0.0,0.0,0.08300430627037383,83004306270.37384,0.08300430627037383,1.0,0.0
17,88,0.4392635741986024,0.4616459477663756,0.01332930475473404,0.06573146000482323,0.0930291133738207,0.9515161485181027,0.4383136004139927,0.9978373490532584,0.06573146000482323
17,99,0.09772230894290293,0.0,0.0,0.0,0.09772230894290293,97722308942.90294,0.09772230894290293,1.0,0.0
18,43,0.534214011698772,1.0727833538502056,0.06131753697991371,0.10699350156143521,-0.27037350368888224,0.49797007921588904,0.5311474736404247,0.9942597199040214,0.10699350156143521
18,95,0.07407506724964318,0.0,0.0,0.0,0.07407506724964318,74075067249.64317,0.07407506724964318,1.0,0.0
18,117,0.07932156562463434,0.0,0.0,0.0,0.07932156562463434,79321565624.63434,0.07932156562463434,1.0,0.0
18,230,0.37571256707808914,0.08202685191080916,0.0007866552623454481,0.02552540762175843,0.31419242814498227,4.580360678501169,0.3755901500430518,0.999674173701483,0.02552540762175843
19,34,0.4410581735472013,0.059644378479972976,0.00013430313583739917,0.005105294047316228,0.39632488968722157,7.394798718338599,0.44105242563360736,0.9999869679014274,0.005105294047316228
19,64,0.32485280027530083,0.07443706345960648,-7.854581417632289e-05,-0.0032482331863053987,0.269025002680596,4.364127024532868,0.3248510865067735,0.999994724476668,0.0032482331863053987
20,47,0.43823733951285265,0.6320696108272933,0.08520389068871737,0.30759915472840077,-0.035814868607617345,0.6933371451580566,0.41698985456493975,0.9515160324505171,0.30759915472840077
20,76,0.3051015656828053,0.09059659516846363,4.8488594984519295e-05,0.001754216887668044,0.23715411930645755,3.367693511131447,0.3051010962414457,0.9999984613603718,0.001754216887668044
20,219,0.5619002031905022,0.9564484359194776,0.10558802261948586,0.1964689419550542,-0.1554361237491061,0.5874861436202092,0.5509487953786358,0.9805100483151926,0.1964689419550542
21,36,0.48904827907715,0.9893855683659316,0.07878057472407818,0.16281778360822344,-0.2529908971972987,0.49429493891281173,0.48252249492653243,0.9866561555784801,0.16281778360822344
21,183,0.5826154759350253,0.05819725152596835,-6.114368443377316e-05,-0.00180329639236002,0.538967537290549,10.011047955847946,0.5826145286370661,0.9999983740597387,0.00180329639236002
22,204,0.4280173354270136,0.6440012746970077,0.053805059753358364,0.19519785098666104,-0.054983620595742244,0.6646218761410437,0.41978394492619847,0.9807638854332826,0.19519785098666104
23,209,0.29672308222102495,0.005942882240479045,3.568877332327247e-06,0.0020238725709972494,0.2922659205406657,49.92915392972308,0.2967224745226013,0.9999979519678109,0.0020238725709972494
24,52,0.3971268376742246,0.2415921831584704,0.0005336615140549839,0.005562291797153637,0.2159327003053718,1.643790094864488,0.39712069425521285,0.9999845303353263,0.005562291797153637
24,153,0.4985800936749499,0.8032912297529532,0.08080495707690716,0.20175766527775957,-0.10388832863976499,0.6206716508378464,0.4883270295539008,0.9794354723521441,0.20175766527775957
24,208,0.3056174172589963,0.0,0.0,0.0,0.3056174172589963,305617417258.99634,0.3056174172589963,1.0,0.0
24,235,0.37860467058238945,0.08497491946214127,0.0001281842314710957,0.003984353610757814,0.3148734809857835,4.455487254055157,0.37860166538193896,0.9999920624316497,0.003984353610757814
25,129,0.26074676652523704,0.02777050772436637,7.13765275577316e-05,0.009857179482067555,0.23991888573196227,9.389340990948595,0.2607340986197525,0.9999514168261668,0.009857179482067555
25,244,0.34609908256986444,0.004752940864423216,-7.478111399450427e-06,-0.0045459962325701125,0.34253437692154703,72.81788104869399,0.346095506295421,0.9999896669057402,0.0045459962325701125
26,76,0.2839595886180799,0.062332523116061876,0.00020171534561086446,0.011396400250197423,0.23721019628103351,4.555560635413353,0.2839411479762857,0.9999350589219969,0.011396400250197423
26,206,0.11707327361971283,0.0,0.0,0.0,0.11707327361971283,117073273619.71283,0.11707327361971283,1.0,0.0
27,74,0.09867333769374845,0.0,0.0,0.0,0.09867333769374845,98673337693.74844,0.09867333769374845,1.0,0.0
27,247,0.4791889358266144,0.0332350139492607,0.00013185610441723838,0.008279375757964709,0.4542626753646689,14.418195718038977,0.47917251180848397,0.9999657253811545,0.008279375757964709
28,75,0.24707712005765967,0.002011056913022901,1.556155490689548e-06,0.003131814983410714,0.24556882737289248,122.85933746320919,0.24707590835574286,0.9999950958554296,0.003131814983410714
28,198,0.11226444559997557,0.0,0.0,0.0,0.11226444559997557,112264445599.97557,0.11226444559997557,1.0,0.0
29,161,0.06911738295994774,0.0,0.0,0.0,0.06911738295994774,69117382959.94774,0.06911738295994774,1.0,0.0
29,197,0.07306234532512024,0.0,0.0,0.0,0.07306234532512024,73062345325.12024,0.07306234532512024,1.0,0.0
30,229,0.8985946960901093,1.8440037735564057,0.8489161627367139,0.512317446924683,-0.48440813407719496,0.48730632169833527,0.7717096687199642,0.8587961536805895,0.512317446924683
31,55,0.1287818004514931,0.0,0.0,0.0,0.1287818004514931,128781800451.4931,0.1287818004514931,1.0,0.0
31,156,0.1278906901085,0.0,0.0,0.0,0.1278906901085,127890690108.49998,0.1278906901085,1.0,0.0
32,238,0.30037926155096206,0.045185061897987815,0.0002201377646997571,0.01621921106575001,0.2664904651274712,6.647755893805488,0.3003397496463195,0.9998684599448092,0.01621921106575001
37,169,0.13410941634054746,0.0,0.0,0.0,0.13410941634054746,134109416340.54747,0.13410941634054746,1.0,0.0
39,183,0.07891598909299952,0.0,0.0,0.0,0.07891598909299952,78915989092.99951,0.07891598909299952,1.0,0.0
39,245,0.19431657071633357,0.0,0.0,0.0,0.19431657071633357,194316570716.3336,0.19431657071633357,1.0,0.0
