layer,expert,panel_group,global_target_grad_bf16,global_control_grad_bf16,global_grad_specific_bf16,global_grad_ratio_bf16,scan_peak_gpu_gib,selection_supervised_positions,selection_supervised_selected_hits,selection_supervised_selected_rate,selection_supervised_routing_mass,routing_rank,global_target_grad_rank,global_grad_specific_rank
1,174,population_random,0.018843051046133,0.0079527711495757,0.0128784726839512,2.369369203434072,64.8782606124878,681,16,0.0234948604992657,0.002538202092511,3211,4634,1952
2,55,population_random,0.0146003095433115,0.0087735308334231,0.0080201614182442,1.664131558759327,64.8782606124878,681,32,0.0469897209985315,0.0078254061123348,1389,5078,2330
3,90,population_random,0.0830020606517791,0.0870779529213905,0.0176935959607362,0.9531926034797344,64.8782606124878,681,80,0.1174743024963289,0.0130437775330396,732,1780,1718
4,60,population_random,0.005626137368381,0.0052130632102489,0.0017163399606943,1.0792382789912711,64.8782606124878,681,6,0.0088105726872246,0.0008546714390602,4953,6612,3127
5,146,population_random,0.0,0.0005474828649312,-0.0004106121486984,0.0,64.8782606124878,681,0,0.0,0.0,7048,8557,4540
6,162,population_random,0.0898151993751525,0.1398245394229889,-0.015053205192089,0.6423421793137943,64.8782606124878,681,5,0.0073421439060205,0.0008381802955212,4978,1661,6795
7,44,population_random,0.0327908806502819,0.0315478220582008,0.0091300141066312,1.0394023583862118,64.8782606124878,681,0,0.0,0.0,7140,3553,2236
8,156,population_random,0.0637468099594116,0.0536814704537391,0.0234857071191072,1.18750118838788,64.8782606124878,681,0,0.0,0.0,7217,2254,1516
9,235,population_random,0.1439613103866577,0.1663235127925872,0.0192186757922172,0.8655499632533509,64.8782606124878,681,26,0.0381791483113069,0.0042963013950073,2329,1021,1653
10,248,population_random,0.0170928761363029,0.016049263998866,0.0050559281371533,1.0650255448751778,64.8782606124878,681,0,0.0,0.0,7378,4798,2643
11,25,population_random,0.0816503167152404,0.1301974505186081,-0.0159977711737155,0.6271268476408738,64.8782606124878,681,104,0.1527165932452276,0.0196875573604992,415,1801,6889
12,175,population_random,0.0981358438730239,0.2407252341508865,-0.0824080817401409,0.4076674562962717,64.8782606124878,681,54,0.079295154185022,0.008534525284508,1266,1535,8845
13,146,population_random,0.1182515174150466,0.3135196268558502,-0.1168882027268409,0.3771742094763308,64.8782606124878,681,127,0.1864904552129221,0.0208408618988619,387,1271,9177
14,148,population_random,0.233488917350769,0.0780003368854522,0.1749886646866798,2.993434729527729,64.8782606124878,681,91,0.1336270190895741,0.0160738459067547,562,625,283
15,60,population_random,0.047812707722187,0.4308348894119262,-0.2753134593367576,0.1109768704835828,64.8782606124878,681,0,0.0,0.0,7746,2788,9700
16,235,population_random,0.0,0.0185066238045692,-0.0138799678534269,0.0,64.8782606124878,681,0,0.0,0.0,7919,8557,6693
17,215,population_random,0.0498828589916229,0.0992568135261535,-0.0245597511529922,0.502563574418763,64.8782606124878,681,3,0.0044052863436123,0.0004911492749632,5628,2708,7440
18,116,population_random,0.0,0.0,0.0,0.0,64.8782606124878,681,0,0.0,0.0,8105,8557,3615
19,77,population_random,0.0022804250475019,0.0796712264418602,-0.0574729947838932,0.0286229439324299,64.8782606124878,681,9,0.013215859030837,0.0014024642070484,4184,7546,8447
20,193,population_random,0.0,0.0,0.0,0.0,64.8782606124878,681,0,0.0,0.0,8350,8557,3615
21,113,population_random,0.0287727285176515,0.0269524119794368,0.0085584195330739,1.067538168329274,64.8782606124878,681,23,0.0337738619676945,0.0037040542400881,2562,3809,2285
22,194,population_random,0.0376200042665004,0.0586320869624614,-0.0063540609553456,0.6416282655936267,64.8782606124878,681,0,0.0,0.0,8557,3270,5781
23,105,population_random,0.0088051808997988,0.4207934439182281,-0.3067899020388722,0.0209251855679791,64.8782606124878,681,121,0.1776798825256975,0.0219023896383994,356,5969,9746
24,222,population_random,2.0507177396211773e-05,0.0,2.0507177396211773e-05,20507177.396211773,64.8782606124878,681,2,0.0029368575624082,0.0003126147209985,5987,8349,3540
25,150,population_random,0.3882571458816528,0.2942315936088562,0.1675834506750106,1.319563073150031,64.8782606124878,681,58,0.0851688693098384,0.0074127690207415,1456,327,295
26,183,population_random,0.1663772165775299,0.1776672899723053,0.0331267490983009,0.9364538436001824,64.8782606124878,681,0,0.0,0.0,8919,906,1252
27,228,population_random,0.0,0.0,0.0,0.0,64.8782606124878,681,0,0.0,0.0,9020,8557,3615
28,99,population_random,0.001659526489675,0.031282115727663,-0.0218020603060722,0.0530503276718735,64.8782606124878,681,0,0.0,0.0,9070,7735,7274
29,201,population_random,0.0,0.0134489648044109,-0.0100867236033082,0.0,64.8782606124878,681,0,0.0,0.0,9185,8557,6292
30,50,population_random,0.0249412581324577,0.3104715347290039,-0.2079123929142952,0.0803334777668022,64.8782606124878,681,1,0.0014684287812041,0.0001806855726872,6297,4106,9555
31,66,population_random,0.1187570840120315,0.7589572072029114,-0.450460821390152,0.1564740184094789,64.8782606124878,681,21,0.0308370044052863,0.0027127931121512,3094,1265,9861
32,233,population_random,0.0102978870272636,0.0189570877701044,-0.0039199288003146,0.5432209393976818,64.8782606124878,681,4,0.0058737151248164,0.0004531479441997,5708,5706,5358
33,132,population_random,0.0031729573383927,0.006472919601947,-0.0016817323630675,0.4901895177174936,64.8782606124878,681,2,0.0029368575624082,0.0003319738895007,5936,7277,4885
34,23,population_random,0.0129847433418035,0.0065160342492163,0.0080977176548913,1.9927371224871149,64.8782606124878,681,23,0.0337738619676945,0.0024399722375183,3287,5291,2324
35,88,population_random,0.0123463096097111,0.7362257242202759,-0.5398229835554957,0.0167697340686786,64.8782606124878,681,2,0.0029368575624082,0.0002817834526431,6061,5378,9895
36,172,population_random,0.0144081935286521,0.0494166947901248,-0.0226543275639414,0.2915653017578963,64.8782606124878,681,0,0.0,0.0,9736,5109,7335
37,150,population_random,0.0002566192415542,0.0510682724416255,-0.0380445850896649,0.0050250229600501,64.8782606124878,681,0,0.0,0.0,9793,8210,7978
38,35,population_random,0.0048479461111128,0.0093442015349864,-0.002160205040127,0.5188186590841782,64.8782606124878,681,33,0.0484581497797356,0.0052664108388399,1990,6815,5001
39,128,population_random,0.0094949696213006,3.21093779120929e-07,0.0094947288009663,29570.61353440678,64.8782606124878,681,124,0.1820851688693098,0.0237870405424008,308,5845,2199
21,210,population_random,0.0250268820673227,0.0358915813267231,-0.0018918039277195,0.6972911513372542,64.8782606124878,681,0,0.0,0.0,8459,4099,4942
36,160,population_random,0.0,0.0,0.0,0.0,64.8782606124878,681,0,0.0,0.0,9733,8557,3615
5,137,population_random,0.0720196664333343,0.051631886512041,0.0332957515493035,1.394868003034205,64.8782606124878,681,28,0.0411160058737151,0.0047953377386196,2161,2014,1244
23,227,population_random,0.0206410773098468,0.0614978596568107,-0.0254823174327611,0.3356389543424587,64.8782606124878,681,20,0.0293685756240822,0.0033541551945668,2731,4471,7490
26,2,population_random,0.0949792563915252,0.180713340640068,-0.0405557490885257,0.5255796614383472,64.8782606124878,681,0,0.0,0.0,8858,1586,8044
3,202,population_random,0.1163245812058448,0.1253961473703384,0.022277470678091,0.9276567394161662,64.8782606124878,681,1,0.0014684287812041,0.0001398162169603,6476,1291,1556
7,7,population_random,0.0,0.0091895433142781,-0.0068921574857085,0.0,64.8782606124878,681,1,0.0014684287812041,0.0001649114353891,6322,8557,5847
10,147,population_random,0.0218514446169137,0.0418201871216297,-0.0095136957243084,0.5225094893248231,64.8782606124878,681,8,0.0117474302496328,0.0009708264500734,4744,4351,6206
28,198,population_random,0.0,0.0085487700998783,-0.0064115775749087,0.0,64.8782606124878,681,0,0.0,0.0,9102,8557,5791
25,168,sentinel,3.484094381332397,3.991197109222412,0.4906965494155884,0.8729447045551493,64.8782606124878,681,50,0.0734214390602055,0.0180384430066079,480,1,54
24,153,sentinel,3.13029146194458,3.727071046829224,0.3349881768226623,0.8398797400459567,64.8782606124878,681,89,0.1306901615271659,0.0229915221182085,325,2,121
28,149,sentinel,3.0048859119415283,3.0529894828796387,0.7151437997817993,0.984243780986195,64.8782606124878,681,84,0.1233480176211453,0.0257864124449339,277,3,19
23,28,sentinel,2.9576575756073,3.387319326400757,0.4171680808067322,0.8731558175086866,64.8782606124878,681,121,0.1776798825256975,0.0364041993621512,152,4,74
28,138,sentinel,2.950913429260254,1.434509515762329,1.875031292438507,2.0570887797074096,64.8782606124878,681,73,0.1071953010279001,0.0199091122889133,407,5,1
18,43,sentinel,2.886381864547729,2.962690830230713,0.6643637418746948,0.974243358468148,64.8782606124878,681,105,0.1541850220264317,0.0309861417033773,216,6,29
26,134,sentinel,2.849454164505005,3.426743268966675,0.2793967127799988,0.8315341829980215,64.8782606124878,681,75,0.1101321585903083,0.0197865042217327,411,7,166
29,250,sentinel,2.796088933944702,3.139296531677246,0.4416165351867676,0.8906737244251126,64.8782606124878,681,72,0.105726872246696,0.0218686903450807,357,8,66
28,128,sentinel,1.1650127172470093,0.0,1.1650127172470093,1165012717247.0093,64.8782606124878,681,250,0.3671071953010279,0.0579255001835536,46,73,2
21,36,sentinel,2.7406818866729736,2.184737205505371,1.102128982543945,1.2544675303580723,64.8782606124878,681,91,0.1336270190895741,0.0232776076082966,315,9,3
29,10,sentinel,1.0693954229354858,0.0,1.0693954229354858,1069395422935.4858,64.8782606124878,681,454,0.6666666666666666,0.1194410506149045,4,77,4
30,63,sentinel,0.989340603351593,0.00431521050632,0.986104195471853,229.2682133753034,64.8782606124878,681,142,0.2085168869309838,0.0361471526248164,158,85,5
22,210,sentinel,1.8899952173233032,1.2102516889572144,0.9823064506053923,1.5616546827133226,64.8782606124878,681,93,0.1365638766519823,0.0169500275330396,512,33,6
36,128,sentinel,1.0286517143249512,0.0784412026405334,0.9698208123445512,13.113665773659308,64.8782606124878,681,318,0.4669603524229075,0.0739007577321953,23,81,7
22,216,sentinel,1.2012146711349487,0.3624974191188812,0.9293416067957878,3.313719237095302,64.8782606124878,681,295,0.4331864904552129,0.0639555226688693,40,70,8
6,0,sentinel,0.4621697962284088,0.182107388973236,0.3255892544984817,2.5378970004001045,64.8782606124878,681,537,0.788546255506608,0.1607574597329295,1,253,128
15,193,sentinel,0.7869179844856262,0.0874414145946502,0.7213369235396385,8.999373902223798,64.8782606124878,681,558,0.8193832599118943,0.137533986095815,2,117,18
18,97,sentinel,0.5892008543014526,0.6859866976737976,0.0747108310461044,0.8589100288658545,64.8782606124878,681,509,0.7474302496328928,0.1287019032213656,3,194,682
9,76,sentinel,0.26616370677948,0.0086076883599162,0.2597079405095428,30.921624438451357,64.8782606124878,681,417,0.6123348017621145,0.1170426647393538,5,530,181
14,20,sentinel,0.2748998999595642,0.1083300411701202,0.193652369081974,2.537614654141292,64.8782606124878,681,531,0.7797356828193832,0.1151555043135095,6,508,254
8,104,sentinel,0.3868839740753174,0.0872040167450904,0.3214809615164995,4.436538459023014,64.8782606124878,681,459,0.6740088105726872,0.1149167412353157,7,329,138
27,23,sentinel,0.6386340856552124,0.0,0.6386340856552124,638634085655.2124,64.8782606124878,681,457,0.671071953010279,0.1120444142345815,8,177,32
38,60,sentinel,0.3250021934509277,0.8317306637763977,-0.2987958043813705,0.3907541318422649,64.8782606124878,681,93,0.1365638766519823,0.0460547448604992,84,410,9733
36,229,sentinel,0.2008682489395141,0.4948695600032806,-0.1702839210629463,0.4059014034683739,64.8782606124878,681,79,0.1160058737151248,0.0274627730359765,251,723,9453
17,103,sentinel,0.7972622513771057,0.7227605581283569,0.255191832780838,1.1030793565168713,64.8782606124878,681,169,0.2481644640234948,0.0272358405607562,256,114,186
17,14,sentinel,2.2832934856414795,2.3272974491119385,0.5378203988075256,0.9810922477965884,64.8782606124878,681,77,0.1130690161527166,0.0249697423366372,292,16,43
17,33,sentinel,1.4213186502456665,1.3491016626358032,0.4094924032688141,1.0535296854261642,64.8782606124878,681,72,0.105726872246696,0.0165900904001468,529,58,80
25,63,sentinel,0.6995730996131897,0.66658616065979,0.1996334791183471,1.0494863843553242,64.8782606124878,681,116,0.1703377386196769,0.0269246598522393,260,145,249
18,73,sentinel,0.3514109551906585,0.1504546850919723,0.2385699413716793,2.335659770073008,64.8782606124878,681,60,0.0881057268722467,0.008522336178414,1268,368,205
36,95,sentinel,0.0002649886882863,2.472642660140991,-1.854217006417457,0.0001071682101736,64.8782606124878,681,1,0.0014684287812041,0.0001512883168135,6396,8206,9983
30,229,sentinel,2.652824878692627,5.380672931671143,-1.38267982006073,0.4930284580349345,64.8782606124878,681,35,0.0513950073421439,0.0311152028267254,213,10,9978
29,194,sentinel,2.410736083984375,4.161730766296387,-0.710561990737915,0.5792628642648023,64.8782606124878,681,91,0.1336270190895741,0.0242319429148311,301,13,9938
33,1,sentinel,0.0,2.4278690814971924,-1.8209018111228945,0.0,64.8782606124878,681,1,0.0014684287812041,9.536183002936856e-05,6763,8557,9982
