layer,expert,target_delta_nll,control_delta_nll,causal_specificity
10,13,0.0037810346111655235,-0.011445257812738419,0.0037810346111655235
10,14,0.003814677009359002,-0.02980847842991352,0.003814677009359002
10,26,0.010821189731359482,-0.0003259301302023232,0.010821189731359482
10,28,0.020620904862880707,-0.02972143329679966,0.020620904862880707
10,31,0.009854399599134922,-0.026485348120331764,0.009854399599134922
10,45,0.0031709533650428057,-0.04479885473847389,0.0031709533650428057
10,57,-0.018699772655963898,-0.03623080998659134,-0.018699772655963898
10,66,-0.019630281254649162,0.017451642081141472,-0.032719012815505266
10,71,0.0064391507767140865,-0.039955057203769684,0.0064391507767140865
10,72,-0.0056675877422094345,-0.02975514903664589,-0.0056675877422094345
10,84,0.004850112833082676,-0.01535803359001875,0.004850112833082676
10,98,-0.005088690668344498,-0.027958450838923454,-0.005088690668344498
10,107,0.013420549221336842,-0.023292023688554764,0.013420549221336842
10,108,0.015000846236944199,-0.022205276414752007,0.015000846236944199
10,117,0.018491465598344803,0.006820354610681534,0.013376199640333652
10,118,-0.008751594461500645,0.005644623190164566,-0.01298506185412407
10,119,0.008754146285355091,-0.04594206437468529,0.008754146285355091
10,126,-0.017233960330486298,-0.009426699951291084,-0.017233960330486298
10,127,0.0028564399108290672,-0.04779386520385742,0.0028564399108290672
10,133,-0.006717252545058727,0.012541952542960644,-0.01612371695227921
10,135,0.010183696635067463,-0.012108409777283669,0.010183696635067463
10,144,0.002361019141972065,-0.026622766628861427,0.002361019141972065
10,155,0.00804497953504324,-0.040262240916490555,0.00804497953504324
10,167,0.015567868016660213,-0.038653548806905746,0.015567868016660213
10,176,-0.001221872284077108,-0.02415110170841217,-0.001221872284077108
10,183,0.002283741720020771,-0.013359300792217255,0.002283741720020771
10,198,0.0002208876539953053,-0.028558209538459778,0.0002208876539953053
10,223,0.0,0.0,0.0
10,233,-0.0059019639156758785,-0.0035740488674491644,-0.0059019639156758785
12,2,0.007309776730835438,0.002573056146502495,0.005379984620958567
12,23,0.021044263616204262,0.002357723657041788,0.01927597087342292
12,35,0.014537794515490532,0.03262526914477348,-0.00993115734308958
12,40,0.004271119367331266,0.0064416928216814995,-0.0005601502489298582
12,43,-0.017447303980588913,-0.018617644906044006,-0.017447303980588913
12,44,0.01579468883574009,-0.02533540315926075,0.01579468883574009
12,52,-0.0025155795738101006,-0.017433876171708107,-0.0025155795738101006
12,62,-0.004402437247335911,-0.006390489172190428,-0.004402437247335911
12,98,0.0025164855178445578,-0.04677865654230118,0.0025164855178445578
12,104,0.003631529863923788,-0.015299425460398197,0.003631529863923788
12,106,0.022426752373576164,-0.01810499280691147,0.022426752373576164
12,107,0.0018222758080810308,-0.008872616104781628,0.0018222758080810308
12,109,-0.0011241489555686712,-0.01904686540365219,-0.0011241489555686712
12,120,0.030386483296751976,-0.009055282920598984,0.030386483296751976
12,123,0.018572639673948288,-0.009060466662049294,0.018572639673948288
12,131,-0.002376651857048273,-0.0273810513317585,-0.002376651857048273
12,134,0.0008698022575117648,-0.023958727717399597,0.0008698022575117648
12,140,0.007645077537745237,-0.044144269078969955,0.007645077537745237
12,160,0.010648506693542004,-0.015547188930213451,0.010648506693542004
12,162,0.023189833387732506,-0.008702472783625126,0.023189833387732506
12,182,0.005499863065779209,0.007615123875439167,-0.00021147984080016613
12,204,0.010819678194820881,-0.006682723760604858,0.010819678194820881
12,208,0.00707508809864521,-0.016457611694931984,0.00707508809864521
12,209,0.0051596988923847675,-0.013568966649472713,0.0051596988923847675
12,214,0.012652312405407429,-0.03568575903773308,0.012652312405407429
12,221,-0.003369653830304742,-0.01784897781908512,-0.003369653830304742
12,229,0.00788115058094263,-0.028076356276869774,0.00788115058094263
12,230,0.0,0.0,0.0
17,14,0.06287863850593567,0.01564933732151985,0.05114163551479578
17,32,0.02984350360929966,0.005953184328973293,0.02537861536256969
17,33,0.06571631133556366,0.019605468958616257,0.05101220961660147
17,42,0.002531321719288826,-0.0033795165363699198,0.002531321719288826
17,44,0.014485340565443039,-0.0029487793799489737,0.014485340565443039
17,59,-0.0007680141716264188,0.009384823963046074,-0.007806632143910974
17,72,0.01182772871106863,-0.01574617438018322,0.01182772871106863
17,88,0.015433180145919323,-0.05824322625994682,0.015433180145919323
17,89,0.0,0.0,0.0
17,100,0.021992340683937073,-0.0035873150918632746,0.021992340683937073
17,103,0.05623955652117729,-0.021787747740745544,0.05623955652117729
17,104,0.004587128758430481,-0.012301838025450706,0.004587128758430481
17,117,0.0048148902133107185,-0.006830895319581032,0.0048148902133107185
17,119,0.0,0.0,0.0
17,138,0.017678607255220413,0.003608901519328356,0.014971931115724146
17,147,0.017295345664024353,-0.013761787675321102,0.017295345664024353
17,152,-0.021206390112638474,-0.02332920767366886,-0.021206390112638474
17,165,0.005174287129193544,0.018891656771302223,-0.008994455449283123
17,166,0.01603604480624199,0.00529266195371747,0.012066548340953887
17,177,0.0,0.0,0.0
17,189,0.015329613350331783,-0.0035223127342760563,0.015329613350331783
17,238,0.00012675106700044125,0.001754765515215695,-0.00118932306941133
17,251,0.005203792825341225,-0.00287865218706429,0.005203792825341225
18,5,0.006860304623842239,-0.016263965517282486,0.006860304623842239
18,8,0.0,0.0,0.0
18,14,2.486407765900367e-06,-0.0030030168127268553,2.486407765900367e-06
18,19,-0.0027910424396395683,0.00040397525299340487,-0.003094023879384622
18,25,-0.0047943913377821445,-0.005085127893835306,-0.0047943913377821445
18,73,0.03596148639917374,-0.0032223225571215153,0.03596148639917374
18,76,0.010831951163709164,-0.020341601222753525,0.010831951163709164
18,85,0.0,0.0,0.0
18,119,0.025949768722057343,-0.011461094953119755,0.025949768722057343
18,124,0.01628784090280533,-0.0055230045691132545,0.01628784090280533
18,133,0.008113211020827293,-0.00142225855961442,0.008113211020827293
18,160,-0.0035242398735135794,-0.0372513085603714,-0.0035242398735135794
18,164,0.06122973933815956,0.07172659784555435,0.007434790953993797
18,166,0.01099451258778572,0.003713480196893215,0.00820940244011581
18,169,0.0024848198518157005,-0.019010312855243683,0.0024848198518157005
18,180,0.031095417216420174,-0.008906259201467037,0.031095417216420174
18,186,0.0018092107493430376,-0.015231182798743248,0.0018092107493430376
18,193,0.013427509926259518,-0.016753146424889565,0.013427509926259518
18,195,0.005551876965910196,-0.0185236893594265,0.005551876965910196
18,196,0.013264739885926247,-0.006886383518576622,0.013264739885926247
18,197,0.01927841454744339,-0.0007795154815539718,0.01927841454744339
18,216,0.018282974138855934,-0.005914571229368448,0.018282974138855934
18,217,0.010097555816173553,0.0022581350058317184,0.008403954561799765
18,230,0.006446061190217733,-0.0023273550905287266,0.006446061190217733
18,239,4.408836321090348e-05,0.0003696864878293127,-0.00023317650266108103
18,250,0.016762636601924896,-0.009897023439407349,0.016762636601924896
18,254,-0.0018684894312173128,-0.010935693047940731,-0.0018684894312173128
24,3,0.007227793335914612,-0.0008763790247030556,0.007227793335914612
24,4,-0.0008009892771951854,-0.017395641654729843,-0.0008009892771951854
24,9,0.0030538015998899937,0.006128161679953337,-0.0015423196600750089
24,54,0.009604625403881073,0.0005479633691720665,0.009193652877002023
24,58,-0.00025379122234880924,-0.012100921012461185,-0.00025379122234880924
24,80,-0.0008128446061164141,-0.004329668823629618,-0.0008128446061164141
24,89,0.0018222832586616278,-0.004887883551418781,0.0018222832586616278
24,91,0.0,0.0,0.0
24,97,0.0016361564630642533,0.0021649515256285667,1.2442818842828274e-05
24,100,0.008004998788237572,-0.01179207768291235,0.008004998788237572
24,103,0.03168591484427452,-0.0168917179107666,0.03168591484427452
24,104,0.006683987565338612,0.011705614626407623,-0.002095223404467106
24,116,0.011821160092949867,-0.007853123359382153,0.011821160092949867
24,153,0.06764427572488785,0.0672466903924942,0.017209257930517197
24,168,0.034805357456207275,-0.010592279024422169,0.034805357456207275
24,184,0.03778906166553497,0.005975012667477131,0.033307802164927125
24,194,0.0016596472123637795,-0.01071859523653984,0.0016596472123637795
24,205,0.006539667025208473,-0.031576260924339294,0.006539667025208473
24,248,0.00291167083196342,0.0011092800414189696,0.0020797108008991927
24,251,0.029977524653077126,-0.03730938583612442,0.029977524653077126
24,254,0.004978111479431391,-0.012460345402359962,0.004978111479431391
25,7,0.004505789373070002,-0.0013351589441299438,0.004505789373070002
25,38,0.016169246286153793,-0.009091285988688469,0.016169246286153793
25,58,-0.004851156380027533,-0.018580123782157898,-0.004851156380027533
25,63,0.03618102893233299,-0.0027680229395627975,0.03618102893233299
25,67,0.005864514037966728,-0.008328555151820183,0.005864514037966728
25,86,0.0015595832373946905,-0.017737723886966705,0.0015595832373946905
25,97,0.002343348925933242,-0.003850489854812622,0.002343348925933242
25,105,0.009330789558589458,-0.012264277786016464,0.009330789558589458
25,110,-0.0013560440856963396,0.002862272784113884,-0.0035027486737817526
25,124,0.030914930626749992,-0.010636615566909313,0.030914930626749992
25,141,0.0035917835775762796,-0.012206567451357841,0.0035917835775762796
25,146,0.02891022525727749,-0.016285168007016182,0.02891022525727749
25,151,0.017783991992473602,0.0015991574618965387,0.016584623896051198
25,153,0.03614190220832825,0.017597487196326256,0.022943786811083555
25,168,0.16296705603599548,0.08755946904420853,0.09729745425283909
25,173,0.009435255080461502,-0.009098153561353683,0.009435255080461502
25,176,0.006861931644380093,-0.015634432435035706,0.006861931644380093
25,187,0.013145544566214085,-0.00859875325113535,0.013145544566214085
25,195,0.0049380832351744175,-0.0076667023822665215,0.0049380832351744175
25,198,-0.00018923640891443938,-0.012280869297683239,-0.00018923640891443938
25,205,0.009117825888097286,-0.010675055906176567,0.009117825888097286
25,210,0.005589639768004417,-0.004321453161537647,0.005589639768004417
25,239,0.004174879752099514,-0.004109981004148722,0.004174879752099514
25,248,0.009548491798341274,-0.012147989124059677,0.009548491798341274
36,13,0.0024226009845733643,0.006588995456695557,-0.0025191456079483032
36,35,-0.0005739435437135398,0.005143735557794571,-0.004431745212059468
36,41,-0.0007986107375472784,0.004294080659747124,-0.004019171232357621
36,98,-0.0016202282859012485,-0.0013458854518830776,-0.0016202282859012485
36,104,0.0011040508979931474,0.00015426099707838148,0.0009883551501843613
36,107,-0.0013769242214038968,0.0034876263234764338,-0.003992643964011222
36,122,-0.00068176060449332,0.003993070684373379,-0.003676563617773354
36,138,0.00048213094123639166,0.00013174355262890458,0.00038332327676471323
36,154,-5.873739792150445e-05,0.002446308033540845,-0.0018934684230771381
36,159,0.0009065574267879128,0.002167248632758856,-0.000718879047781229
36,168,0.0005997169064357877,0.0003148156392853707,0.00036360517697175965
36,183,0.0014260509051382542,0.0006021338631398976,0.000974450507783331
36,190,-0.0011532804928719997,0.0003271764435339719,-0.0013986628255224787
36,191,-0.0004081869265064597,0.00262284092605114,-0.0023753176210448146
36,204,-0.004908062983304262,-0.0007652086205780506,-0.004908062983304262
36,205,0.014388194307684898,-0.00025361598818562925,0.014388194307684898
36,221,-0.0010866886004805565,-0.002275133738294244,-0.0010866886004805565
36,224,-0.00015826344315428287,-0.0002849239099305123,-0.00015826344315428287
36,227,-0.00015312552568502724,0.0021646576933562756,-0.001776618795702234
36,229,0.5422250628471375,0.5105193853378296,0.15933552384376526
36,234,0.0,-0.0008605015464127064,0.0
36,242,-0.0011748808901757002,0.0006726115825586021,-0.0016793395770946518
36,247,-0.0057633621618151665,0.003935764543712139,-0.00871518556959927
38,2,2.7005076844943687e-05,9.61559999268502e-05,-4.511192310019396e-05
38,9,-0.00044035076280124485,0.005299306008964777,-0.004414830269524828
38,31,-0.00028240442043170333,0.0003381669521331787,-0.0005360296345315874
38,51,0.0005376916960813105,-0.015484120696783066,0.0005376916960813105
38,60,0.5271987318992615,0.3685604929924011,0.25077836215496063
38,71,-0.0004475733730942011,0.0017489570891484618,-0.0017592911899555475
38,104,0.0,0.0,0.0
38,116,0.0003560322511475533,-0.0005862558027729392,0.0003560322511475533
38,118,0.0012670239666476846,0.0005443876725621521,0.0008587332122260705
38,122,0.0034330335911363363,0.0019239825196564198,0.0019900467013940215
38,125,0.006195253226906061,-0.007619285024702549,0.006195253226906061
38,129,-3.582239287425182e-07,0.0003694635524880141,-0.0002774558882947531
38,131,0.00011490732140373439,0.0001025009187287651,3.803163235716056e-05
38,155,0.0002508389879949391,0.00041445254464633763,-6.000042048981413e-05
38,157,-0.00010165214189328253,0.0006903338362462819,-0.0006194025190779939
38,179,0.0013414394343271852,-0.0018822044366970658,0.0013414394343271852
38,188,0.0,0.0,0.0
38,203,0.001692996360361576,-0.0020207155030220747,0.001692996360361576
38,205,-0.00027619540924206376,-8.620083099231124e-05,-0.00027619540924206376
38,215,-0.0010941907530650496,0.0006012892699800432,-0.001545157705550082
38,234,0.004155001603066921,-0.001503602834418416,0.004155001603066921
38,245,1.8818080206983723e-05,0.0005182778695598245,-0.00036989032196288463
38,251,0.0038864135276526213,-0.00314859626814723,0.0038864135276526213
