capability,predictor,outcome,n,spearman_rho,spearman_p,spearman_ci_low,spearman_ci_high,kendall_tau
algorithms,routing_rate,native_relative_specific_gain,48,0.26590701602101346,,,,0.19680330789779896
algorithms,routing_mass,native_relative_specific_gain,48,0.2645872630383407,,,,0.1927469479071078
algorithms,causal_specificity,native_relative_specific_gain,48,0.25067853800972356,,,,0.20328468975951566
algorithms,causal_relative_specificity,native_relative_specific_gain,48,0.2366735438983098,,,,0.1926322169336895
algorithms,causal_target_damage,native_relative_specific_gain,48,0.2195201402579736,,,,0.17665350769495028
algorithms,causal_relative_target_damage,native_relative_specific_gain,48,0.2195201402579736,,,,0.17665350769495028
algorithms,precise_gradient_specific,native_relative_specific_gain,48,0.11985669379070368,,,,0.08078125226251495
algorithms,precise_target_gradient,native_relative_specific_gain,48,0.10718358180969645,,,,0.07298626887738888
algorithms,global_target_gradient,native_relative_specific_gain,48,0.10403431750120486,,,,0.06764581017904335
algorithms,renorm_causal_specificity,native_relative_specific_gain,48,0.09173813972205128,,,,0.06835336729905112
algorithms,global_gradient_specific,native_relative_specific_gain,48,0.08218434528945895,,,,0.04882383378503651
algorithms,renorm_causal_target_damage,native_relative_specific_gain,48,0.07219628747356698,,,,0.05592548233558728
algorithms,target_control_gradient_cosine,native_relative_specific_gain,48,-0.02359467400051644,,,,-0.017025643258183027
algorithms,precise_control_gradient,native_relative_specific_gain,48,-0.0445240816028121,,,,-0.024032064142554873
algorithms,precise_target_gradient,native_relative_target_improvement,48,0.486724228643424,,,,0.34000920379466526
algorithms,global_target_gradient,native_relative_target_improvement,48,0.4622902814223686,,,,0.3168672161018346
algorithms,causal_target_damage,native_relative_target_improvement,48,0.4545651964689097,,,,0.32046189084360327
algorithms,causal_relative_target_damage,native_relative_target_improvement,48,0.4545651964689097,,,,0.32046189084360327
algorithms,causal_specificity,native_relative_target_improvement,48,0.42525241809618325,,,,0.322237302981241
algorithms,causal_relative_specificity,native_relative_target_improvement,48,0.3901856498947364,,,,0.2973815330543133
algorithms,renorm_causal_specificity,native_relative_target_improvement,48,0.3892085572823122,,,,0.27962741167793637
algorithms,renorm_causal_target_damage,native_relative_target_improvement,48,0.38866572805318766,,,,0.28495364809084944
algorithms,precise_gradient_specific,native_relative_target_improvement,48,0.3822603431495178,,,,0.27430117526502334
algorithms,target_control_gradient_cosine,native_relative_target_improvement,48,0.3083617302555973,,,,0.21058032450910585
algorithms,global_gradient_specific,native_relative_target_improvement,48,0.2992074710934595,,,,0.21748798686061718
algorithms,routing_mass,native_relative_target_improvement,48,0.11975461852108071,,,,0.10124082112292532
algorithms,precise_control_gradient,native_relative_target_improvement,48,0.11842319753138195,,,,0.0881175685227012
algorithms,routing_rate,native_relative_target_improvement,48,0.10982625375326965,,,,0.0944655877909435
algorithms,causal_specificity,native_specific_gain,48,0.321029206104267,,,,0.2547716417510087
algorithms,causal_relative_specificity,native_specific_gain,48,0.30517859261382974,,,,0.24411916892518257
algorithms,causal_target_damage,native_specific_gain,48,0.2893279791233925,,,,0.22458963541116797
algorithms,causal_relative_target_damage,native_specific_gain,48,0.2893279791233925,,,,0.22458963541116797
algorithms,routing_rate,native_specific_gain,48,0.24492326337786177,,,,0.17909101018699705
algorithms,routing_mass,native_specific_gain,48,0.2423269927720692,,,,0.17522449809737073
algorithms,precise_target_gradient,native_specific_gain,48,0.17657599191749385,,,,0.12461070296139563
algorithms,global_target_gradient,native_specific_gain,48,0.17136341651033535,,,,0.11214963266525607
algorithms,renorm_causal_specificity,native_specific_gain,48,0.16892845610356425,,,,0.13049279211637033
algorithms,precise_gradient_specific,native_specific_gain,48,0.1661057441121165,,,,0.12516655570345725
algorithms,renorm_causal_target_damage,native_specific_gain,48,0.14243838972228554,,,,0.1145140828776311
algorithms,global_gradient_specific,native_specific_gain,48,0.12213657655302684,,,,0.08255666440015265
algorithms,target_control_gradient_cosine,native_specific_gain,48,0.054039414646344104,,,,0.03494737300363884
algorithms,precise_control_gradient,native_specific_gain,48,-0.020524515665686555,,,,-0.0008900764497242545
algorithms,precise_target_gradient,native_target_improvement,48,0.486724228643424,,,,0.34000920379466526
algorithms,global_target_gradient,native_target_improvement,48,0.4622902814223686,,,,0.3168672161018346
algorithms,causal_target_damage,native_target_improvement,48,0.4545651964689097,,,,0.32046189084360327
algorithms,causal_relative_target_damage,native_target_improvement,48,0.4545651964689097,,,,0.32046189084360327
algorithms,causal_specificity,native_target_improvement,48,0.42525241809618325,,,,0.322237302981241
algorithms,causal_relative_specificity,native_target_improvement,48,0.3901856498947364,,,,0.2973815330543133
algorithms,renorm_causal_specificity,native_target_improvement,48,0.3892085572823122,,,,0.27962741167793637
algorithms,renorm_causal_target_damage,native_target_improvement,48,0.38866572805318766,,,,0.28495364809084944
algorithms,precise_gradient_specific,native_target_improvement,48,0.3822603431495178,,,,0.27430117526502334
algorithms,target_control_gradient_cosine,native_target_improvement,48,0.3083617302555973,,,,0.21058032450910585
algorithms,global_gradient_specific,native_target_improvement,48,0.2992074710934595,,,,0.21748798686061718
algorithms,routing_mass,native_target_improvement,48,0.11975461852108071,,,,0.10124082112292532
algorithms,precise_control_gradient,native_target_improvement,48,0.11842319753138195,,,,0.0881175685227012
algorithms,routing_rate,native_target_improvement,48,0.10982625375326965,,,,0.0944655877909435
algorithms,target_control_gradient_cosine,relative_specific_gain,48,0.25301754101014634,,,,0.1854899028654677
algorithms,precise_target_gradient,relative_specific_gain,48,0.22289189631651668,,,,0.14775269065422625
algorithms,global_target_gradient,relative_specific_gain,48,0.20529945431735677,,,,0.13885192615698372
algorithms,precise_gradient_specific,relative_specific_gain,48,0.15872326659602246,,,,0.1127386707399934
algorithms,global_gradient_specific,relative_specific_gain,48,0.1498208672383796,,,,0.10918784646471802
algorithms,causal_target_damage,relative_specific_gain,48,0.1412441654182115,,,,0.10208619791416726
algorithms,causal_relative_target_damage,relative_specific_gain,48,0.1412441654182115,,,,0.10208619791416726
algorithms,precise_control_gradient,relative_specific_gain,48,0.08204376500225498,,,,0.05429466343317953
algorithms,causal_specificity,relative_specific_gain,48,-0.00825100428269337,,,,0.0008877060688188457
algorithms,renorm_causal_target_damage,relative_specific_gain,48,-0.029095646681076618,,,,-0.015091003169920377
algorithms,causal_relative_specificity,relative_specific_gain,48,-0.047551840471311786,,,,-0.023968063858108835
algorithms,renorm_causal_specificity,relative_specific_gain,48,-0.13722722912268973,,,,-0.10563702218944264
algorithms,routing_mass,relative_specific_gain,48,-0.16568403691857755,,,,-0.12265714866815952
algorithms,routing_rate,relative_specific_gain,48,-0.1807874387669385,,,,-0.13579428244948127
algorithms,precise_target_gradient,relative_target_improvement,48,0.5341803839127628,,,,0.3667114972863929
algorithms,global_target_gradient,relative_target_improvement,48,0.49801814202560074,,,,0.34356950959356225
algorithms,target_control_gradient_cosine,relative_target_improvement,48,0.3982824463773812,,,,0.28226724349092913
algorithms,precise_gradient_specific,relative_target_improvement,48,0.3676039539631546,,,,0.2583224660262841
algorithms,causal_target_damage,relative_target_improvement,48,0.30452719753888025,,,,0.2370175203746318
algorithms,causal_relative_target_damage,relative_target_improvement,48,0.30452719753888025,,,,0.2370175203746318
algorithms,precise_control_gradient,relative_target_improvement,48,0.3037411127879645,,,,0.21094811858464832
algorithms,global_gradient_specific,relative_target_improvement,48,0.2818369357614735,,,,0.20150927762187798
algorithms,causal_specificity,relative_target_improvement,48,0.19552708833066787,,,,0.14292067707983416
algorithms,renorm_causal_target_damage,relative_target_improvement,48,0.1815220942192541,,,,0.1375944406669211
algorithms,causal_relative_specificity,relative_target_improvement,48,0.15818043736689788,,,,0.11806490715290648
algorithms,routing_mass,relative_target_improvement,48,0.12832059594000036,,,,0.08761224904868536
algorithms,renorm_causal_specificity,relative_target_improvement,48,0.11279991381208435,,,,0.07900584012487727
algorithms,routing_rate,relative_target_improvement,48,0.10666740926935435,,,,0.06888115776422964
algorithms,target_control_gradient_cosine,specific_gain,48,0.2873766054532947,0.04939012197560488,-0.02875086303936067,0.5786547994243528,0.214164670458197
algorithms,precise_target_gradient,specific_gain,48,0.26687300131441644,0.06718656268746251,-0.03227558701164964,0.5084661135958987,0.17267483124650537
algorithms,global_target_gradient,specific_gain,48,0.2431992213402383,0.09738052389522095,-0.04401421820788085,0.49072241245237747,0.16377406674926284
algorithms,precise_gradient_specific,specific_gain,48,0.1789165139194562,0.22175564887022595,-0.13100811564659576,0.45442529155933015,0.13049279211637033
algorithms,causal_target_damage,specific_gain,48,0.16588861242046668,0.27014597080583885,-0.1542670067222209,0.4665383571609622,0.12339114356581955
algorithms,causal_relative_target_damage,specific_gain,48,0.16588861242046668,0.261747650469906,-0.15831026691295763,0.46755332213595124,0.12339114356581955
algorithms,global_gradient_specific,specific_gain,48,0.150580828159154,0.3129374125174965,-0.15653015835770248,0.43727078363773597,0.1127386707399934
algorithms,precise_control_gradient,specific_gain,48,0.12683933490752325,0.3773245350929814,-0.1651608585007116,0.39584059527151527,0.09345802722104674
algorithms,causal_specificity,specific_gain,48,0.022038866702457287,0.8782243551289742,-0.2920609784252642,0.34485612238799374,0.025743475995746525
algorithms,renorm_causal_target_damage,specific_gain,48,-0.0024970144539729934,0.9860027994401119,-0.28069937426279123,0.28959008065622455,0.002663118206456537
algorithms,causal_relative_specificity,specific_gain,48,-0.01541635010713761,0.9216156768646271,-0.320108788143459,0.3035428509972267,0.004438530344094228
algorithms,renorm_causal_specificity,specific_gain,48,-0.09988057815891974,0.500499900019996,-0.39577910022798257,0.21207451284668077,-0.08078125226251495
algorithms,routing_mass,specific_gain,48,-0.13699928358811633,0.353129374125175,-0.45453558951085515,0.17762284832202963,-0.10513469885842244
algorithms,routing_rate,specific_gain,48,-0.1558551305188927,0.28754249150169964,-0.4731336234351239,0.14949588059751862,-0.12398608397561334
algorithms,precise_target_gradient,target_improvement,48,0.5341803839127628,0.0001999600079984003,0.31163345197712017,0.6941504542638187,0.3667114972863929
algorithms,global_target_gradient,target_improvement,48,0.49801814202560074,0.0003999200159968006,0.26790044716489175,0.6665794371140414,0.34356950959356225
algorithms,target_control_gradient_cosine,target_improvement,48,0.3982824463773812,0.0057988402319536095,0.11062299718919548,0.6398696116449943,0.28226724349092913
algorithms,precise_gradient_specific,target_improvement,48,0.3676039539631546,0.010597880423915218,0.08748479333146145,0.5920171272308689,0.2583224660262841
algorithms,causal_target_damage,target_improvement,48,0.30452719753888025,0.03499300139972006,-0.011540054596211493,0.5996160894197045,0.2370175203746318
algorithms,causal_relative_target_damage,target_improvement,48,0.30452719753888025,0.03279344131173765,-0.012462173670867717,0.5887833028455862,0.2370175203746318
algorithms,precise_control_gradient,target_improvement,48,0.3037411127879645,0.03699260147970406,0.013518402174059902,0.5621126672055705,0.21094811858464832
algorithms,global_gradient_specific,target_improvement,48,0.2818369357614735,0.05698860227954409,-0.014802269212853788,0.5194230939481788,0.20150927762187798
algorithms,causal_specificity,target_improvement,48,0.19552708833066787,0.1801639672065587,-0.12090234473171235,0.4842347392972016,0.14292067707983416
algorithms,renorm_causal_target_damage,target_improvement,48,0.1815220942192541,0.21855628874225155,-0.11404783963589245,0.45589449673857146,0.1375944406669211
algorithms,causal_relative_specificity,target_improvement,48,0.15818043736689788,0.28754249150169964,-0.15132064975828555,0.4590011485171251,0.11806490715290648
algorithms,routing_mass,target_improvement,48,0.12832059594000036,0.375124975004999,-0.20246646957978237,0.43003474125140934,0.08761224904868536
algorithms,renorm_causal_specificity,target_improvement,48,0.11279991381208435,0.4357128574285143,-0.196972472358463,0.423445383405131,0.07900584012487727
algorithms,routing_rate,target_improvement,48,0.10666740926935435,0.47430513897220555,-0.22176409084994472,0.39663699962895355,0.06888115776422964
