layer,expert,panel_group,global_target_grad_bf16,global_control_grad_bf16,global_grad_specific_bf16,global_grad_ratio_bf16,scan_peak_gpu_gib,selection_supervised_positions,selection_supervised_selected_hits,selection_supervised_selected_rate,selection_supervised_routing_mass,routing_rank,global_target_grad_rank,global_grad_specific_rank,target_delta_nll,control_delta_nll,causal_specificity,target_relative_delta,control_relative_delta,causal_relative_specificity,renorm_target_delta_nll,renorm_control_delta_nll,renorm_causal_specificity,renorm_target_relative_delta,renorm_control_relative_delta,renorm_causal_relative_specificity,ci_2.5,ci_97.5,p_positive,precise_target_grad_l2,precise_control_grad_l2,precise_grad_dot,precise_grad_cosine,precise_grad_specific,precise_grad_ratio,atlas_order_seed,atlas_lr,atlas_updates,trainable_params,mean_train_grad_norm,parameter_delta_l2,relative_parameter_delta,peak_gpu_gib,delta_merge_max_nll_diff,validation_target_nll,validation_control_nll,validation_target_improvement,validation_control_improvement,validation_utility_score,validation_specific_gain,validation_relative_target_improvement,validation_relative_control_improvement,validation_relative_specific_gain,validation_target_token_acc,validation_control_token_acc,validation_target_seq_exact,validation_control_seq_exact,validation_native_target_nll,validation_native_control_nll,validation_native_target_improvement,validation_native_control_improvement,validation_native_utility_score,validation_native_specific_gain,validation_native_relative_target_improvement,validation_native_relative_control_improvement,validation_native_relative_specific_gain,validation_native_target_token_acc,validation_native_control_token_acc,validation_native_target_seq_exact,validation_native_control_seq_exact
1,184,population_random,0.0003055440029129,0.0007033446454443,-0.0002219644811702,0.4344157653827168,64.92173910140991,1561,10,0.0064061499039077515,0.0006668902146060218,5625,8477,2617,0.002342733554542,0.0513136386871337,-0.0361424954608082,0.0029053853459115,0.0179044047456135,-0.0105229182132986,6.468594074249268e-05,0.0355014689266681,-0.0265614157542586,8.022149337271782e-05,0.0123872070854773,-0.0092101838207353,-0.0731510830372572,-0.0009620882198214,0.0222,0.0002554229908104,0.0005800248373303,-2.5337495990207515e-10,-0.0017102402222743,-0.0001795956371873,0.4403656083861622,101.0,1e-05,7.0,3145728.0,0.000346411859417,0.0511895077479599,0.0013568491631707,64.63395833969116,0.4110527038574219,0.7375829219818115,2.45836877822876,-0.0116511583328247,-0.0387630462646484,-0.040723443031311,0.0271118879318237,-0.0160499359805647,-0.0160203977666983,-2.953821386638203e-05,0.8733376860618591,0.7751152515411377,0.0,0.0,0.7337625622749329,2.404240369796753,-0.007830798625946,0.0153653621673583,-0.007830798625946,-0.0231961607933044,-0.0107872378893899,0.00635035781424,-0.01713759570363,0.8707289695739746,0.7751152515411377,0.0,0.0
2,21,population_random,0.001399808214046,0.0,0.001399808214046,1399808214.046061,64.94238758087158,1561,26,0.016655989750160152,0.0014129189021460603,4451,7874,1580,0.0047263484448194,0.0302156265825033,-0.017935371492058,0.0058614704538751,0.0105428658309336,-0.0020456789193251,0.0043881251476705,0.0019587136339396,0.0029190899222157,0.0054420164321929,0.0006834362672394,0.0049294392317634,-0.060072509843856,0.0100638974756002,0.1822,0.0011808897013015,0.0,0.0,0.0,0.0011808897013015,1180889701.3015344,101.0,1e-05,7.0,3145728.0,0.0017546767672424,0.0607666642850411,0.0015483962493744,64.63395833969116,0.4137789011001587,0.7319750189781189,2.4210307598114014,-0.006043255329132,-0.00142502784729,-0.0071120262145996,-0.004618227481842,-0.0083248255989721,-0.0005889504345541,-0.0077358751644179,0.8734166622161865,0.7751152515411377,0.0,0.0,0.7303932905197144,2.428346633911133,-0.0044615268707275,-0.0087409019470214,-0.0110172033309936,0.0042793750762939,-0.0061459314692349,-0.0036125315093901,-0.0025333999598447,0.872468113899231,0.7751152515411377,0.0,0.0
3,255,population_random,0.0033978885039687,0.0255555883049964,-0.0157688027247786,0.1329606841088224,64.96303606033325,1561,0,0.0,0.0,7471,6870,4538,-0.0067637152969837,0.0310912318527698,-0.0300821391865611,-0.0083881495058089,0.0108483828739138,-0.0165244366612443,-0.0085209365934133,0.0041352226398885,-0.0116223535733297,-0.0105674007459989,0.0014428659076237,-0.0116495501767167,-0.0661668278090655,-0.0026751925349235,0.009,0.0034217358030874,0.0214302236686021,2.3952270566951483e-05,0.3266431168518841,-0.0126509319483641,0.159668692956342,101.0,1e-05,7.0,3145728.0,0.0033448239056659,0.0989431077502182,0.0022039558581009,64.63395881652832,0.3969196081161499,0.7337318658828735,2.39798903465271,-0.0078001022338867,0.0216166973114013,-0.0078001022338867,-0.029416799545288,-0.0107449523832357,0.008933975079425,-0.0196789274626608,0.8721575736999512,0.7751152515411377,0.0,0.0,0.7283247113227844,2.437594413757324,-0.0023929476737976,-0.0179886817932128,-0.0158844590187072,0.0155957341194152,-0.0032963810011138,-0.0074345508260185,0.0041381698249046,0.8733376860618591,0.7751152515411377,0.0,0.0
4,213,population_random,0.0099424486979842,0.0313386693596839,-0.0135615533217787,0.317258163821644,64.98115921020508,1561,36,0.023062139654067906,0.003104230060858424,2925,5055,4339,-0.0021380865946412,0.0342712253332138,-0.0278415055945515,-0.0026515885463444,0.0119579492936609,-0.0116200505165901,0.0017259311862289,0.0035154270008206,-0.0009106390643864,0.0021404462179659,0.0012266062100977,0.0012204915603925,-0.0651281619109213,0.0010284890718758,0.0324,0.0100499424806553,0.0266096498458875,0.000115580522106,0.4321971672521218,-0.0099072949037602,0.3776803730407185,101.0,1e-05,7.0,3145728.0,0.0092808708016361,0.0870961427795339,0.0019570993998195,64.63395881652832,0.2494406700134277,0.7135900259017944,2.4372997283935547,0.0123417377471923,-0.0176939964294433,-0.0009287595748901,0.0300357341766357,0.0170012367073663,-0.0073127601723278,0.0243139968796942,0.8733376860618591,0.7751152515411377,0.0,0.0,0.7395438551902771,2.470139265060425,-0.0136120915412902,-0.0505335330963134,-0.0515122413635253,0.0369214415550231,-0.0187511997999197,-0.0208850278492657,0.0021338280493459,0.872468113899231,0.7751152515411377,0.0,0.0
5,122,population_random,0.0943112447857856,0.0124524207785725,0.0849719292018562,7.573727747820532,65.00180768966675,1561,1238,0.7930813581037797,0.13648508818465727,20,836,202,0.0080796368420124,0.0246077943593263,-0.0103762089274823,0.0100201145092056,0.0085861755544667,0.0035804828433555,0.0075390068814158,0.0442877635359764,-0.0256768157705664,0.0093496420339927,0.0154529295507739,-0.0022400551290876,-0.0433835068568587,0.01330495364964,0.2736,0.0882633096053951,0.0123118953866699,8.94631239134469e-06,0.0082326363860007,0.0790293880653927,7.1689457086996455,101.0,1e-05,7.0,3145728.0,0.1217423187834876,0.0803717733125011,0.0018315054215503,64.63395881652832,0.7920928001403809,0.7298957109451294,2.3780736923217773,-0.0039639472961425,0.0415320396423339,-0.0039639472961425,-0.0454959869384765,-0.0054604957306418,0.017164796352429,-0.0226252920830708,0.8730270862579346,0.7751152515411377,0.0,0.0,0.7253108024597168,2.4791100025177,0.00062096118927,-0.0595042705535888,-0.0440072417259216,0.0601252317428588,0.0008553988409994,-0.0245925481856444,0.0254479470266438,0.8681201934814453,0.7751152515411377,0.0,0.0
6,154,population_random,0.00024957297137,0.1081189960241317,-0.0808396740467287,0.0023083175070554,65.02245616912842,1561,7,0.004484304932735426,0.0002608754404228059,6601,8505,7312,-0.0007462424109689,0.0247561018913984,-0.0193133188295178,-0.0009254666460568,0.0086379231628799,-0.0074039090182168,-0.0064552016556262,0.0291546639055013,-0.0283211995847523,-0.0080055404759106,0.0101726737012183,-0.0156350457518243,-0.0513276842236518,0.0039303377792239,0.0712,0.0002075391706126,0.0897607004858332,-4.852983614966888e-08,-0.0026050886999279,-0.0671129861937622,0.0023121384914226,101.0,1e-05,7.0,3145728.0,0.0002883982254258,0.0372441211603415,0.0008288932271758,64.63395881652832,0.374053955078125,0.7328794002532959,2.403698682785034,-0.006947636604309,0.0159070491790771,-0.006947636604309,-0.0228546857833862,-0.0095706469288324,0.006574231896105,-0.0161448788249375,0.8733376860618591,0.7751152515411377,0.0,0.0,0.7283572554588318,2.433000087738037,-0.0024254918098449,-0.0133943557739257,-0.0124712586402893,0.0109688639640808,-0.0033412118484152,-0.0055357596475244,0.0021945477991092,0.8755995035171509,0.7751152515411377,0.0,0.0
7,13,population_random,0.0,0.0,0.0,0.0,65.04310464859009,1561,0,0.0,0.0,7617,8768,1904,0.0075601185671985,0.0395558252930641,-0.0221067504025995,0.0093758240905828,0.0138018570542606,-0.0009755687001126,0.0020311332773417,0.037622507661581,-0.026185747468844,0.0025189483661685,0.0131272819849119,-0.0073265131225154,-0.0525148592106997,0.0058196962885558,0.068,0.0,0.0017475585488091,0.0,0.0,-0.0013106689116068,0.0,101.0,1e-05,7.0,3145728.0,0.0006437383531842,0.0357045528072371,0.0008061285093881,64.63395833969116,0.4201440811157226,0.7306463122367859,2.4623751640319824,-0.004714548587799,-0.042769432067871,-0.0367916226387023,0.038054883480072,-0.0064944789908362,-0.0176761988545766,0.0111817198637403,0.8747662305831909,0.7751152515411377,0.0,0.0,0.7252562046051025,2.4251527786254883,0.0006755590438842,-0.0055470466613769,-0.0034847259521484,0.0062226057052612,0.0009306095665086,-0.0022925415443094,0.0032231511108181,0.8721575736999512,0.7751152515411377,0.0,0.0
8,116,population_random,0.0016254965448752,0.0055884174071252,-0.0025658165104687,0.2908688500096336,65.06122779846191,1561,15,0.009609224855861628,0.000812967949231262,5326,7733,2983,-0.0090137599036097,0.022853011265397,-0.0261535183526575,-0.01117858489914,0.0079738949296988,-0.0171590060964142,-0.0001770770613802,0.0103582860901951,-0.0079457916290266,-0.0002196054682504,0.0036142232625614,-0.0029302729151715,-0.0493605866245925,-0.0060540862493217,0.002,0.0013587133234619,0.0046579703011898,-1.4833573924732946e-08,-0.0023438037837593,-0.0021347644024304,0.2916964332776439,101.0,1e-05,7.0,3145728.0,0.0013089530402794,0.0643553280865024,0.0014467443365933,64.63395833969116,0.2659972906112671,0.7382522821426392,2.413116216659546,-0.0123205184936523,0.0064895153045654,-0.0123205184936523,-0.0188100337982177,-0.0169720063380636,0.0026820548566388,-0.0196540611947024,0.871598482131958,0.7751152515411377,0.0,0.0,0.727952241897583,2.4379994869232178,-0.0020204782485961,-0.0183937549591064,-0.015815794467926,0.0163732767105102,-0.0027832894905163,-0.0076019637067793,0.004818674216263,0.8734166622161865,0.7751152515411377,0.0,0.0
9,74,population_random,0.0447912029922008,0.1601212471723556,-0.0752997323870658,0.2797330384499663,65.08187627792358,1561,69,0.044202434336963484,0.0052888272741832155,1827,1857,7195,-0.0055237440392374,0.0389004200696945,-0.0346990590915083,-0.0068503756882859,0.0135731724259272,-0.0170302550077314,-0.0103630265220999,0.019769050180912,-0.0251898141577839,-0.0128519034263318,0.0068978362270018,-0.0180252805965832,-0.065926964700222,-0.0073798340037465,0.0026,0.0455000395439802,0.1387627532184181,0.0031036529690027,0.4915735116216684,-0.0585720253698333,0.3278980741469829,101.0,1e-05,7.0,3145728.0,0.0463688517255442,0.0937248757592075,0.0020941210103789,64.63395881652832,0.1862857341766357,0.724172830581665,2.4269981384277344,0.0017589330673217,-0.007392406463623,-0.0037853717803955,0.0091513395309448,0.0024230005565265,-0.0030552111717896,0.0054782117283161,0.8740747570991516,0.7751152515411377,0.0,0.0,0.7247770428657532,2.434592962265014,0.0011547207832336,-0.0149872303009033,-0.0100857019424438,0.0161419510841369,0.0015906740014092,-0.0061940795158959,0.0077847535173052,0.872468113899231,0.7751152515411377,0.0,0.0
10,73,population_random,0.0041297008283436,0.0214833822101354,-0.0119828358292579,0.1922276849965964,65.10252475738525,1561,29,0.018577834721332478,0.0018420808976617553,3946,6597,4182,-0.0013688236940652,0.0450032949447631,-0.0351212949026376,-0.001697572604517,0.0157025934662336,-0.0134745177041923,2.805352232826408e-05,0.013441639021039,-0.0100531757434509,3.479110653267289e-05,0.0046900697676981,-0.0034827612192409,-0.0756164819262921,-0.0013045478016138,0.0168,0.0037805795849231,0.0179371170522687,-4.042835826112423e-07,-0.0059617680952731,-0.0096722582042783,0.2107685183575367,101.0,1e-05,7.0,3145728.0,0.0043434782419353,0.0692779456322988,0.0015912480920369,64.63395881652832,0.2498402595520019,0.7287970185279846,2.4022254943847656,-0.0028652548789978,0.0173802375793457,-0.0028652548789978,-0.0202454924583435,-0.0039470030414363,0.0071830866284307,-0.011130089669867,0.8705174326896667,0.7751152515411377,0.0,0.0,0.7300452589988708,2.4187700748443604,-0.004113495349884,0.0008356571197509,-0.004113495349884,-0.004949152469635,-0.0056665041480028,0.0003453691271728,-0.0060118732751757,0.8696479201316833,0.7751152515411377,0.0,0.0
11,67,population_random,0.0487600341439247,0.0429931841790676,0.016515146009624,1.1341340511022375,65.12317323684692,1561,143,0.09160794362588084,0.016387607102818707,417,1706,711,-0.0039750011637806,0.0113697098568081,-0.0125022835563868,-0.0049296729066089,0.003967130227456,-0.0079050205772009,-0.0028755129314959,0.0024761753156781,-0.0047326444182544,-0.0035661217712743,0.0008639895007896,-0.0042141138968665,-0.0390753658413887,0.0016992420256137,0.0516,0.0408608049234575,0.0600778754226649,4.41912798123667e-05,0.018001765315826,-0.0041976016435411,0.6801306576723969,101.0,1e-05,7.0,3145728.0,0.0747395234980753,0.0759016157653962,0.0016964961143918,64.63395881652832,0.6663007736206055,0.7317215800285339,2.4474167823791504,-0.0057898163795471,-0.027811050415039,-0.0266481041908264,0.0220212340354919,-0.0079757033229182,-0.011494042210118,0.0035183388871998,0.871598482131958,0.7751152515411377,0.0,0.0,0.7300520539283752,2.390603542327881,-0.0041202902793884,0.0290021896362304,-0.0041202902793884,-0.0331224799156188,-0.005675864434802,0.0119863287035148,-0.0176621931383169,0.8730666637420654,0.7751152515411377,0.0,0.0
12,139,population_random,0.0141670312732458,0.116575539112091,-0.0732646230608224,0.1215266202586653,65.14129638671875,1561,27,0.01729660474055093,0.0013563020499679692,4514,4272,7156,-0.0075525343418121,0.0218385513871908,-0.0239314478822052,-0.0093664183699643,0.0076199286017926,-0.0150813648213087,0.0035383540671318,0.0220215935260057,-0.0129778410773724,0.0043881567476421,0.0076837958429919,-0.0013746901346018,-0.0502528115920722,-0.0044738561846315,0.0028,0.0121049757386152,0.0977215500901012,-1.403041915182257e-05,-0.0118608653312779,-0.0611861868289606,0.1238721216285492,101.0,1e-05,7.0,3145728.0,0.0148047049795942,0.0815818117333751,0.0018571461833379,64.63395881652832,0.2917675971984863,0.7316572070121765,2.421600341796875,-0.0057254433631896,-0.0019946098327636,-0.0072214007377624,-0.003730833530426,-0.0078870269216627,-0.0008243532433462,-0.0070626736783165,0.8730270862579346,0.7751152515411377,0.0,0.0,0.7376960515975952,2.437922239303589,-0.0117642879486083,-0.0183165073394775,-0.0255016684532165,0.0065522193908691,-0.0162057765449933,-0.0075700380014429,-0.0086357385435503,0.8721575736999512,0.7751152515411377,0.0,0.0
13,205,population_random,0.0398289300501346,0.0156174823641777,0.0281158182770013,2.5502785352228865,65.16194486618042,1561,76,0.04868673926969891,0.007149988989429853,1306,2036,504,-0.0057560815475881,0.0011915541253983,-0.0066497471416369,-0.0071385134454623,0.0004157582249724,-0.0074503321141916,-0.0009968722006306,0.0418239682912826,-0.0323648484190925,-0.0012362899220201,0.0145932597163995,-0.0121812347093197,-0.0447419528327882,0.0022585523873567,0.0648,0.0332791478400926,0.0352165496458471,2.319703821740404e-05,0.0197930871736677,0.0068667356057072,0.9449860413304876,101.0,1e-05,7.0,3145728.0,0.0554735883405166,0.0676953868073123,0.0015316482141082,64.63395881652832,0.2354812622070312,0.7261470556259155,2.422210454940796,-0.0002152919769287,-0.0026047229766845,-0.0021688342094421,0.0023894309997558,-0.0002965732975321,-0.001076507193827,0.0007799338962949,0.8738966584205627,0.7751152515411377,0.0,0.0,0.7327319979667664,2.43411636352539,-0.0068002343177795,-0.0145106315612792,-0.017683207988739,0.0077103972434997,-0.0093675943915132,-0.0059971057968606,-0.0033704885946525,0.8748452663421631,0.7751152515411377,0.0,0.0
14,15,population_random,0.0058639626950025,0.026505185291171,-0.0140149262733757,0.2212383211195514,65.18259334564209,1561,6,0.003843689942344651,0.00034001391335682253,6351,6059,4374,-0.0017178523121401,0.03250128403306,-0.0260938153369352,-0.0021304270493995,0.0113403796528263,-0.0106357117890192,-0.0012158483732491,-0.0016670000040903,-0.0012158483732491,-0.0015078573658706,-0.0005816512636367,-0.0015078573658706,-0.0666583070233464,0.0010350485965609,0.037,0.0051482157437521,0.0230709181861737,3.6995050322730094e-05,0.3114741468427018,-0.0121549728958781,0.2231474145062122,101.0,1e-05,7.0,3145728.0,0.0132031231852514,0.0755648658456909,0.0017149429430461,64.63395881652832,0.5828647613525391,0.7301868200302124,2.45120620727539,-0.0042550563812255,-0.0316004753112793,-0.027955412864685,0.0273454189300537,-0.0058615101229859,-0.0130601754218972,0.0071986652989112,0.874805748462677,0.7751152515411377,0.0,0.0,0.7313779592514038,2.3974242210388184,-0.0054461956024169,0.0221815109252929,-0.0054461956024169,-0.0276277065277099,-0.0075023519773277,0.0091674071656654,-0.0166697591429931,0.8721575736999512,0.7751152515411377,0.0,0.0
15,246,population_random,0.0255405232310295,7.104565611371072e-07,0.0255399903886086,35949.40025714019,65.20324182510376,1561,32,0.020499679692504803,0.0017360415999359384,4083,2919,541,-0.0073180515319108,0.0030993460677564,-0.0096425610827282,-0.0090756200764774,0.0010814268460316,-0.0098866902110012,-0.0025695913936942,0.0237227845937013,-0.0203616798389703,-0.0031867273876474,0.0082773770858142,-0.0093947602020081,-0.0269793997704982,-0.0025770538002252,0.001,0.021424000748876,5.871394147649511e-07,2.087124310184985e-11,0.001659229674177,0.0214235603943149,36488.71753693307,101.0,1e-05,7.0,3145728.0,0.0240661387797445,0.0877616943309762,0.0019908601628846,64.63395881652832,0.2806658744812011,0.7277600169181824,2.433229923248291,-0.0018282532691955,-0.0136241912841796,-0.0120463967323303,0.0117959380149841,-0.002518491903434,-0.0056307484745129,0.0031122565710789,0.8757147789001465,0.7751152515411377,0.0,0.0,0.7285037040710449,2.426223039627075,-0.0025719404220581,-0.0066173076629638,-0.007534921169281,0.0040453672409057,-0.0035429506612714,-0.0027348702210224,-0.0008080804402489,0.8739757537841797,0.7751152515411377,0.0,0.0
16,148,population_random,0.0054179187864065,0.0574337728321552,-0.0376574108377099,0.0943333254833447,65.22136497497559,1561,35,0.02242152466367713,0.0017024155689461884,4121,6177,5932,4.825591895496473e-05,0.0102221751585602,-0.0076183754499652,5.98454909707623e-05,0.0035667313038416,-0.0026152029869104,-0.0010313290404155,-0.0015810775803402,-0.0010313290404155,-0.0012790222238576,-0.0005516711279281,-0.0012790222238576,-0.0301074845790863,0.0034059080928564,0.1588,0.0045195554062471,0.047794626871302,4.018986146547832e-06,0.0186055159883517,-0.0313264147472293,0.0945619979066373,101.0,1e-05,7.0,3145728.0,0.0046279679850808,0.0856657934818469,0.0020451007303913,64.63395881652832,0.3330020904541015,0.7214447855949402,2.3956704139709477,0.0044869780540466,0.023935317993164,0.0044869780540466,-0.0194483399391174,0.0061809914908424,0.0098922389201544,-0.0037112474293119,0.8738966584205627,0.7751152515411377,0.0,0.0,0.7281508445739746,2.432833671569824,-0.0022190809249877,-0.0132279396057128,-0.0121400356292724,0.011008858680725,-0.0030568726099451,-0.0054669814304726,0.0024101088205274,0.8757147789001465,0.7751152515411377,0.0,0.0
17,106,population_random,0.0,0.0,0.0,0.0,65.24201345443726,1561,0,0.0,0.0,8314,8768,1904,-0.0018677210900932,0.0102075226604938,-0.0095233630854636,-0.0023162896501337,0.0035616187399574,-0.0049875037051018,-0.0014656484127044,0.0230838656425476,-0.0187785476446151,-0.0018176516114152,0.0080544448636257,-0.0078584852591346,-0.0351564528383314,0.0016518780738115,0.0742,0.0,0.0,0.0,0.0,0.0,0.0,101.0,1e-05,7.0,3145728.0,0.0,0.0,0.0,64.61052083969116,0.0,0.7259317636489868,2.4196057319641118,0.0,0.0,0.0,0.0,0.0,0.0,0.0,0.8738966584205627,0.7751152515411377,0.0,0.0,0.7259317636489868,2.4196057319641118,0.0,0.0,0.0,0.0,0.0,0.0,0.0,0.8738966584205627,0.7751152515411377,0.0,0.0
18,239,population_random,0.0,0.0,0.0,0.0,65.26266193389893,1561,1,0.0006406149903907751,5.223764814221653e-05,7288,8768,1904,-0.0014046466676518,4.223287032800727e-05,-0.0014363213203978,-0.0017419991430381,1.4735934212968805e-05,-0.0017530510936979,0.0021912597585469,-0.0123531138524413,0.0021912597585469,0.0027175322516829,-0.0043102605065933,0.0027175322516829,-0.0080539864599704,0.0007875552773475,0.0796,0.0,0.0,0.0,0.0,0.0,0.0,101.0,1e-05,7.0,3145728.0,8.674044400842311e-07,0.0040470129516101,9.341500406339662e-05,64.63395833969116,0.2071895599365234,0.7294079065322876,2.422010898590088,-0.0034761428833007,-0.0024051666259765,-0.0052800178527832,-0.0010709762573242,-0.0047885256677948,-0.0009940324550414,-0.0037944932127534,0.8728155493736267,0.7751152515411377,0.0,0.0,0.7194268703460693,2.428729772567749,0.0065048933029174,-0.0091240406036376,-0.0003381371498107,0.0156289339065551,0.0089607503468643,-0.0037708790664135,0.0127316294132778,0.8721575736999512,0.7751152515411377,0.0,0.0
19,169,population_random,0.1685918122529983,0.4610525667667389,-0.1771976128220558,0.365667224097526,65.2833104133606,1561,31,0.01985906470211403,0.00163688390855221,4195,438,8615,-0.0083588082343339,-0.0377388782799243,-0.0083588082343339,-0.0103663341937601,-0.0131678861343082,-0.0103663341937601,-0.0047925864346325,0.0114927198737859,-0.013412126339972,-0.0059436167502699,0.0040100510022847,-0.0089511550019835,-0.0141215501725673,-0.0027619156986474,0.002,0.1650998071467017,0.407371508922232,0.0450809653848409,0.6702795817747603,-0.1404288245449722,0.4052806922680848,101.0,1e-05,7.0,3145728.0,0.1346294007131031,0.1025023814850023,0.0023157122719088,64.63395881652832,0.1658073663711547,0.7237491011619568,2.3959856033325195,0.00218266248703,0.0236201286315917,0.00218266248703,-0.0214374661445617,0.0030067047570127,0.0097619741594917,-0.006755269402479,0.8746337294578552,0.7751152515411377,0.0,0.0,0.721952497959137,2.4198122024536133,0.0039792656898498,-0.0002064704895019,0.0038244128227233,0.0041857361793518,0.0054815974298294,-8.53322864855139e-05,0.0055669297163149,0.8738966584205627,0.7751152515411377,0.0,0.0
20,40,population_random,0.0385083816945552,0.1661418229341507,-0.0860979855060577,0.2317801804160176,65.30143356323242,1561,5,0.0032030749519538757,0.0003415779147982063,6346,2097,7429,-0.0020647626370191,0.0114325750619173,-0.0106391939334571,-0.0025606544528934,0.0039890652159987,-0.0055524533648925,-0.0015862303553149,0.0021701799705624,-0.0032138653332367,-0.0019671935891458,0.0007572213071983,-0.0025351095695445,-0.0295526144579052,0.0006084021702408,0.0384,0.0396835921493873,0.1451430084057667,0.0026651574298739,0.4627173346962955,-0.0691736641549377,0.2734102908916777,101.0,1e-05,7.0,3145728.0,0.0420351752213069,0.1074945420789788,0.0024213913718989,64.63395881652832,0.1801986694335937,0.7238229513168335,2.4227962493896484,0.0021088123321533,-0.0031905174255371,-0.0002840757369995,0.0052993297576904,0.0029049732189057,-0.0013186104592946,0.0042235836782003,0.8730270266532898,0.7751152515411377,0.0,0.0,0.7249104976654053,2.4336698055267334,0.0010212659835815,-0.014064073562622,-0.009526789188385,0.0150853395462036,0.001406834684362,-0.0058125476299006,0.0072193823142627,0.8721575736999512,0.7751152515411377,0.0,0.0
21,44,population_random,0.0007613027119077,0.3540685474872589,-0.2647901079035364,0.0021501562827548,65.32208204269409,1561,10,0.0064061499039077515,0.0006659518137411915,5628,8219,9081,-0.0001603156269993,-0.0069434475153684,-0.0001603156269993,-0.0001988184582499,-0.0024227144639472,-0.0001988184582499,-0.0032375382725149,0.0038911092560738,-0.0061558702145703,-0.0040150943480345,0.0013576896281887,-0.0050333615691761,-0.011902484640479,0.0040844355076551,0.385,0.0006325108303431,0.295128674034296,4.217762068492448e-07,0.0022594498374536,-0.2207139946953788,0.0021431696950851,101.0,1e-05,7.0,3145728.0,0.0024565198608408,0.0777799511652952,0.0017736325941688,64.63395881652832,0.107877492904663,0.7257214188575745,2.4397764205932617,0.0002103447914123,-0.0201706886291503,-0.0149176716804504,0.0203810334205627,0.0002897583518801,-0.0083363534656437,0.0086261118175238,0.8721575736999512,0.7751152515411377,0.0,0.0,0.7280213832855225,2.426600694656372,-0.0020896196365356,-0.0069949626922607,-0.0073358416557312,0.004905343055725,-0.0028785345140869,-0.0028909514471114,1.241693302443756e-05,0.8738966584205627,0.7751152515411377,0.0,0.0
22,118,population_random,0.003919577691704,0.0062371920794248,-0.0007583163678646,0.6284202315983581,65.34273052215576,1561,36,0.023062139654067906,0.002067609905509289,3754,6682,2700,0.0006682622479274,-0.0066106976009905,0.0006682622479274,0.0008287580713522,-0.0023066110400131,0.0008287580713522,-0.0054609412327408,-0.0010046809911727,-0.0054609412327408,-0.0067724895994801,-0.0003505542691263,-0.0067724895994801,-0.0075836509466171,0.0046403692662715,0.5356,0.0032794315309316,0.0065955557249935,-8.287920305605213e-08,-0.003831736221373,-0.0016672352628135,0.4972183796442173,101.0,1e-05,7.0,3145728.0,0.002149354242387,0.074707624177512,0.0016855518115752,64.63395881652832,0.1356258392333984,0.726630687713623,2.4311118125915527,-0.0006989240646362,-0.0115060806274414,-0.0093284845352172,0.0108071565628051,-0.0009627958158532,-0.0047553535170795,0.0037925577012262,0.8730270266532898,0.7751152515411377,0.0,0.0,0.7258191704750061,2.4258627891540527,0.0001125931739807,-0.0062570571899414,-0.0045801997184753,0.0063696503639221,0.0001551015944181,-0.0025859821322469,0.002741083726665,0.871288001537323,0.7751152515411377,0.0,0.0
23,63,population_random,0.0264616683125495,0.5130614638328552,-0.3583344295620918,0.0515760199856262,65.36337900161743,1561,5,0.0032030749519538757,0.00044730441223574634,6061,2848,9349,-0.002890802687034,0.0028126025572419,-0.0050002546049654,-0.0035850836509113,0.0009813760213039,-0.0043211156668893,-0.0025945813395082,-0.007378744892776,-0.0025945813395082,-0.0032177191417981,-0.0025745988484737,-0.0032177191417981,-0.0211093238666653,0.0011626496016979,0.058,0.0322711159765258,0.4278603111451602,-0.000142560522363,-0.0103248390715753,-0.2886241173823443,0.0754244203910322,101.0,1e-05,7.0,3145728.0,0.0306297043072325,0.0740775448131812,0.0018313509054907,64.63395833969116,0.1683440208435058,0.7263554334640503,2.435394525527954,-0.0004236698150634,-0.0157887935638427,-0.0122652649879455,0.0153651237487792,-0.0005836220927072,-0.0065253579768246,0.0059417358841174,0.870206892490387,0.7751152515411377,0.0,0.0,0.7273268699645996,2.416632652282715,-0.0013951063156127,0.0029730796813964,-0.0013951063156127,-0.0043681859970092,-0.0019218146738752,0.0012287455109403,-0.0031505601848156,0.871288001537323,0.7751152515411377,0.0,0.0
24,92,population_random,0.0943974927067756,0.0587424300611019,0.0503406701609492,1.6069728917748138,65.38150215148926,1561,142,0.09096732863549008,0.008955159453074952,973,835,322,-0.0019187992438673,-0.0056988857686519,-0.0019187992438673,-0.0023796351890166,-0.0019884607681611,-0.0023796351890166,0.0017641627928242,-0.0124851688742637,0.0017641627928242,0.0021878598682878,-0.0043563372733145,0.0021878598682878,-0.0194434638246893,0.0027945020198822,0.1594,0.0910463225594404,0.0514579161608651,0.000372612310457,0.0795321265946967,0.0524528854387915,1.7693355920796838,101.0,1e-05,7.0,3145728.0,0.1208322026899882,0.0885439801147636,0.002102636491758,64.63395881652832,0.1253814697265625,0.7210440039634705,2.4185984134674072,0.0048877596855163,0.0010073184967041,0.0048877596855163,0.0038804411888122,0.0067330841964366,0.0004163151390315,0.0063167690574051,0.8728155493736267,0.7751152515411377,0.0,0.0,0.7212201952934265,2.434016466140747,0.0047115683555603,-0.0144107341766357,-0.0060964822769165,0.019122302532196,0.0064903736018892,-0.005955819159404,0.0124461927612933,0.870206892490387,0.7751152515411377,0.0,0.0
25,95,population_random,0.0451033040881156,0.0678000524640083,-0.0057467352598905,0.6652399584999369,65.40215063095093,1561,85,0.05445227418321589,0.005049847853939782,1913,1843,3445,-0.0015402185963466,-0.0104650948196649,-0.0015402185963466,-0.0019101312356456,-0.0036514910683869,-0.0019101312356456,-0.001329104299657,0.0021221644710749,-0.0029207276529632,-0.0016483138459876,0.0007404676923917,-0.0022036646152814,-0.0117657528556883,0.0026403839588165,0.1932,0.0418442000872533,0.0580991653421311,0.0002354549142182,0.0968506624676503,-0.0017301739193449,0.7202203308795118,101.0,1e-05,7.0,3145728.0,0.0421518294938973,0.0922232198008456,0.0021592062166722,64.63395881652832,0.1248774528503418,0.725010097026825,2.4279720783233643,0.0009216666221618,-0.0083663463592529,-0.0053530931472778,0.0092880129814147,0.0012696325857529,-0.0034577312529597,0.0047273638387127,0.8728155493736267,0.7751152515411377,0.0,0.0,0.7229982614517212,2.426361083984375,0.0029335021972656,-0.0067553520202636,-0.0021330118179321,0.0096888542175292,0.0040410164483229,-0.002791922638892,0.006832939087215,0.8721575736999512,0.7751152515411377,0.0,0.0
26,99,population_random,0.0534807853400707,0.1620527058839798,-0.0680587440729141,0.3300209339178193,65.4227991104126,1561,172,0.11018577834721333,0.009080123168241512,952,1545,7031,-0.003603023244068,0.002656536642462,-0.0055954257259145,-0.0044683574510632,0.0009269213504463,-0.0051635484638979,0.0002418708754703,-0.0047509903088212,0.0002418708754703,0.0002999607427963,-0.0016577201618904,0.0002999607427963,-0.0175908060334622,-0.0007489424496889,0.0076,0.0481479997043212,0.1393505767893907,0.0002758650080068,0.0411158806008457,-0.0563649328877218,0.3455170463825553,101.0,1e-05,7.0,3145728.0,0.0627072714269161,0.0782932704511856,0.001874089034719,64.63395881652832,0.1121711730957031,0.7266840934753418,2.4137303829193115,-0.0007523298263549,0.0058753490447998,-0.0007523298263549,-0.0066276788711547,-0.0010363643857837,0.002428225791989,-0.0034645901777727,0.8721575736999512,0.7751152515411377,0.0,0.0,0.7247305512428284,2.419787645339966,0.0012012124061584,-0.0001819133758544,0.0010647773742675,0.0013831257820129,0.0016547180689826,-7.518306534462714e-05,0.0017299011343273,0.8730270266532898,0.7751152515411377,0.0,0.0
27,231,population_random,0.6659753322601318,3.7516274452209473,-2.1477452516555786,0.1775163824191324,65.44344758987427,1561,54,0.03459320948110186,0.004531224975976938,2137,83,9960,0.0136940218508243,-0.0870247632265091,0.0136940218508243,0.0169829003109807,-0.030364765071499,0.0169829003109807,0.0121008148416876,-0.0999812856316566,0.0121008148416876,0.0150070544925884,-0.0348855674774983,0.0150070544925884,0.007905463963747,0.0194235248714685,1.0,0.6823962376565734,3.1878169781021723,0.4622378349304199,0.2124885276569396,-1.7084664959200555,0.2140638067818484,101.0,1e-05,7.0,3145728.0,0.66148293869836,0.1028058962563555,0.0024167418514597,64.63395881652832,0.1548061370849609,0.6922110915184021,2.3939075469970703,0.0337206721305847,0.025698184967041,0.0337206721305847,0.0080224871635437,0.0464515727498732,0.0106208150474914,0.0358307577023818,0.8757147789001465,0.7751152515411377,0.0,0.0,0.6929843425750732,2.3909335136413574,0.0329474210739135,0.0286722183227539,0.0329474210739135,0.0042752027511596,0.0453863885336815,0.0118499547029421,0.0335364338307393,0.8738966584205627,0.7751152515411377,0.0,0.0
28,207,population_random,0.0455180145800113,0.0210197698324918,0.0297531872056424,2.165485870710401,65.4615707397461,1561,112,0.07174887892376682,0.01146694576793722,672,1824,479,0.000344337808201,0.0004991590976715,-3.003151505254209e-05,0.0004270370482597,0.0001741670781067,0.0002964117396796,-0.0004219174443278,-0.0008408063440583,-0.0004219174443278,-0.0005232489019325,-0.0002933749677836,-0.0005232489019325,-0.0076707684025168,0.0033818556070327,0.3754,0.0383255820765756,0.028832180461916,8.377987796848174e-06,0.0075818201176647,0.0167014467301385,1.3292640882943263,101.0,1e-05,7.0,3145728.0,0.0453463047742843,0.0786447417647143,0.0018365653758583,64.63395881652832,0.0686988830566406,0.7253202795982361,2.412501573562622,0.0006114840507507,0.0071041584014892,0.0006114840507507,-0.0064926743507385,0.0008423437041479,0.0029360809935437,-0.0020937372893957,0.8739757537841797,0.7751152515411377,0.0,0.0,0.7268145680427551,2.4144492149353027,-0.0008828043937683,0.0051565170288085,-0.0008828043937683,-0.0060393214225769,-0.0012160983138839,0.002131139367331,-0.0033472376812149,0.8738966584205627,0.7751152515411377,0.0,0.0
29,220,population_random,0.3531262576580047,0.0169972460716962,0.3403783231042325,20.77549834530272,65.48221921920776,1561,338,0.216527866752082,0.03482014609024664,134,182,38,0.0017286193324252,0.0191004332154989,-0.0125967055791988,0.0021437799733352,0.0066645417447778,-0.0028546263352481,0.0003775632358156,0.001360195223242,-0.0006425831816159,0.0004682421909938,0.0004746006409419,0.0001122917102874,-0.0289503897540271,0.0014724237769842,0.0472,0.3608124119883882,0.0153414468703328,-4.203502248856239e-05,-0.0075938758867259,0.3493063268356385,23.518799433618284,101.0,1e-05,7.0,3145728.0,0.3969227756772722,0.0871897221054768,0.0019422638517912,64.63395881652832,0.1108460426330566,0.7148849964141846,2.4176504611968994,0.0110467672348022,0.0019552707672119,0.0110467672348022,0.0090914964675903,0.0152173631021107,0.0008080947822952,0.0144092683198154,0.8730270266532898,0.7751152515411377,0.0,0.0,0.7151090502738953,2.4156556129455566,0.0108227133750915,0.0039501190185546,0.0108227133750915,0.0068725943565368,0.0149087199610743,0.001632546561769,0.0132761733993052,0.871288001537323,0.7751152515411377,0.0,0.0
30,251,population_random,0.007339128293097,0.036416258662939,-0.0199730657041072,0.2015343849796557,65.50286769866943,1561,0,0.0,0.0,9378,5664,4866,-0.0033223426435142,0.0013522118097171,-0.0043365015008021,-0.0041202660933629,0.0004718150605258,-0.0044741273887573,-0.0024917430710047,-0.0026795531157404,-0.0024917430710047,-0.0030901823172498,-0.0009349522807006,-0.0030901823172498,-0.0117919071577489,-0.0011739285886287,0.0034,0.0073862752424949,0.0314348368491943,0.0001380827925459,0.5947067443078216,-0.0161898523944008,0.2349710061386648,101.0,1e-05,7.0,3145728.0,0.0068558976719422,0.1041551037172223,0.0024320713314462,64.63395881652832,0.0713508129119873,0.728243887424469,2.418224334716797,-0.0023121237754821,0.0013813972473144,-0.0023121237754821,-0.0036935210227966,-0.0031850428528709,0.0005709183232067,-0.0037559611760776,0.871288001537323,0.7751152515411377,0.0,0.0,0.7276184558868408,2.414782762527466,-0.001686692237854,0.0048229694366455,-0.001686692237854,-0.0065096616744995,-0.0023234859284509,0.0019932873248446,-0.0043167732532955,0.8738966584205627,0.7751152515411377,0.0,0.0
31,55,population_random,0.000145496262121,0.0,0.000145496262121,145496262.1210143,65.5235161781311,1561,4,0.0025624599615631004,0.00024836342889173607,6639,8571,1815,0.0001656824315432,-0.0037474341224879,0.0001656824315432,0.0002054742024535,-0.0013075583607632,0.0002054742024535,0.0006754446076229,0.0023420196957886,-0.0010810701642185,0.0008376654106301,0.0008171797913468,0.00022478056712,-0.0008674390614032,0.0012316948473453,0.6194,0.0001207291417815,9.357331747951838e-06,4.772074662512393e-13,0.0004224186551678,0.0001137111429705,12.90208919928881,101.0,1e-05,7.0,3145728.0,0.0031738894010361,0.0586599016290104,0.0013111805554858,64.63395881652832,0.0570399761199951,0.7291434407234192,2.4154322147369385,-0.0032116770744323,0.0041735172271728,-0.0032116770744323,-0.0073851943016052,-0.004424213452637,0.0017248749133128,-0.0061490883659498,0.871288001537323,0.7751152515411377,0.0,0.0,0.7266666889190674,2.4105429649353027,-0.0007349252700805,0.0090627670288085,-0.0007349252700805,-0.0097976922988891,-0.0010123889143331,0.0037455552816251,-0.0047579441959582,0.8738966584205627,0.7751152515411377,0.0,0.0
32,204,population_random,0.0332967117428779,0.2598861753940582,-0.1616179198026657,0.1281203653571143,65.54163932800293,1561,54,0.03459320948110186,0.004433162085602178,2182,2383,8493,0.0006397193646989,-0.0021792184561491,0.0006397193646989,0.0007933600746396,-0.0007603750243848,0.0007933600746396,0.0004704695893451,-0.0067456080578267,0.0004704695893451,0.0005834617632595,-0.002353684127898,0.0005834617632595,-0.0043857243210077,0.0034865944087505,0.5418,0.0323499188977225,0.2165779090535156,-1.0754477443697397e-05,-0.0015349773105721,-0.1300835128924141,0.1493685068756464,101.0,1e-05,7.0,3145728.0,0.0326631651925189,0.079908547593015,0.0017452437168418,64.63395881652832,0.0839462280273437,0.7261298894882202,2.414148569107056,-0.0001981258392333,0.0054571628570556,-0.0001981258392333,-0.005655288696289,-0.0002729262571973,0.0022553934242112,-0.0025283196814085,0.8721575736999512,0.7751152515411377,0.0,0.0,0.7246522307395935,2.4189674854278564,0.0012795329093933,0.0006382465362548,0.0012795329093933,0.0006412863731384,0.0017626076905101,0.0002637812135354,0.0014988264769746,0.871288001537323,0.7751152515411377,0.0,0.0
33,0,population_random,0.0014177312841638,0.0090207932516932,-0.005347863654606,0.1571625958438427,65.5622878074646,1561,0,0.0,0.0,9540,7865,3385,-0.0008643537876196,-0.0045830579474568,-0.0008643537876196,-0.0010719447046653,-0.0015991250389429,-0.0010719447046653,-0.0003382867434993,0.0008295351290144,-0.0009604380902601,-0.0004195327058741,0.0002894422044621,-0.0006366143592207,-0.0027064494006335,0.0007707609087228,0.1554,0.0011810368682417,0.007521015472049,2.294346490572252e-08,0.0025829682518001,-0.004459724735795,0.1570315700684206,101.0,1e-05,7.0,3145728.0,0.0009335023974667,0.0805159295065414,0.0018788827293646,64.63395881652832,0.0824842453002929,0.7289265394210815,2.417062282562256,-0.0029947757720947,0.0025434494018554,-0.0029947757720947,-0.0055382251739501,-0.0041254232450734,0.0010511834090386,-0.0051766066541121,0.871288001537323,0.7751152515411377,0.0,0.0,0.7258336544036865,2.421166181564331,9.810924530029296e-05,-0.0015604496002197,-0.0010722279548645,0.00165855884552,0.0001351494041356,-0.0006449189550204,0.000780068359156,0.8731061816215515,0.7751152515411377,0.0,0.0
34,164,population_random,0.0024040723219513,0.0012936685234308,0.0014338209293782,1.8583371834057023,65.58293628692627,1561,64,0.04099935938500961,0.004994795003203075,1933,7321,1576,-0.0007649880717508,-0.0001364451600238,-0.0007649880717508,-0.0009487144319732,-4.760857801455978e-05,-0.0009487144319732,-0.0001986151910386,-0.0025231158360838,-0.0001986151910386,-0.000246316387282,-0.0008803680328489,-0.000246316387282,-0.0057985705249011,0.0011243298351764,0.1572,0.0020312790574146,0.0011434725067363,1.0941316830326286e-07,0.0471057883254343,0.0011736746773624,1.776412676012499,101.0,1e-05,7.0,3145728.0,0.0029215729196688,0.0714459098188188,0.0015476829178846,64.63395881652832,0.0580875873565673,0.727037787437439,2.413151502609253,-0.0011060237884521,0.0064542293548583,-0.0011060237884521,-0.0075602531433105,-0.0015235919460151,0.0026674715097567,-0.0041910634557718,0.8721575736999512,0.7751152515411377,0.0,0.0,0.7264470458030701,2.414717674255371,-0.0005152821540832,0.0048880577087402,-0.0005152821540832,-0.0054033398628234,-0.0007098217489383,0.0020201876876743,-0.0027300094366127,0.8739757537841797,0.7751152515411377,0.0,0.0
35,250,population_random,0.0174090731889009,0.0032678807619959,0.014958162617404,5.327328152860982,65.60358476638794,1561,28,0.017937219730941704,0.001987533031710442,3817,3794,762,-0.0003221571387257,-0.0044647948816418,-0.0003221571387257,-0.0003995292713163,-0.0015578605749333,-0.0003995292713163,0.0004706364998128,-0.0034154879394918,0.0004706364998128,0.0005836687604342,-0.0011917353755651,0.0005836687604342,-0.0021151466071605,0.0014030661284923,0.3518,0.0145687793423308,0.0040361771898033,-1.3791550657060725e-07,-0.0023454150613939,0.0115416464499783,3.609548999862244,101.0,1e-05,7.0,3145728.0,0.0253348829490797,0.0744405040546174,0.0016585828481236,64.63395881652832,0.0416760444641113,0.7256884574890137,2.415072441101074,0.0002433061599731,0.0045332908630371,0.0002433061599731,-0.0042899847030639,0.000335163953634,0.0018735659298332,-0.0015384019761991,0.8721575736999512,0.7751152515411377,0.0,0.0,0.7252940535545349,2.413789749145508,0.0006377100944519,0.0058159828186035,0.0006377100944519,-0.0051782727241516,0.0008784711268816,0.0024036902962212,-0.0015252191693396,0.8738966584205627,0.7751152515411377,0.0,0.0
36,87,population_random,0.0041557978838682,0.0484751164913177,-0.03220053948462,0.0857305393897675,65.62170791625977,1561,0,0.0,0.0,9765,6588,5634,-0.0021635126322507,-0.0019015705911442,-0.0021635126322507,-0.002683121127987,-0.0006634978611395,-0.002683121127987,0.0004095214535482,-0.0062375385314226,0.0004095214535482,0.0005078757794152,-0.0021764080143268,0.0005078757794152,-0.0060523630082607,-0.0006850415766239,0.0028,0.004113236021819,0.0412752091549953,7.527024354203604e-05,0.443353772339858,-0.0268431708444274,0.0996539110504203,101.0,1e-05,7.0,3145728.0,0.0044062302580901,0.0991997160357384,0.0024770015910646,64.63395881652832,0.0582342147827148,0.7261589765548706,2.415407657623291,-0.0002272129058837,0.0041980743408203,-0.0002272129058837,-0.0044252872467041,-0.0003129948533202,0.0017350241344537,-0.0020480189877739,0.8738966584205627,0.7751152515411377,0.0,0.0,0.7254639267921448,2.418717861175537,0.000467836856842,0.0008878707885742,0.000467836856842,-0.0004200339317321,0.0006444639569019,0.0003669485391132,0.0002775154177887,0.8738966584205627,0.7751152515411377,0.0,0.0
37,176,population_random,0.0020620122086256,0.0261689964681863,-0.0175647351425141,0.0787959985799862,65.64235639572144,1561,0,0.0,0.0,9838,7503,4694,0.0003462260938249,-0.000915388460271,0.0003462260938249,0.0004293788414055,-0.0003193982323507,0.0004293788414055,-0.0004511642327997,-0.0023035376798361,-0.0004511642327997,-0.0005595198600517,-0.0008037526088926,-0.0005595198600517,-0.0029797990992665,0.0015161318778991,0.516,0.0020837725436305,0.0223598544491657,3.690086487040389e-05,0.7919855568410901,-0.0146861182932437,0.0931925808495197,101.0,1e-05,7.0,3145728.0,0.0020885960631338,0.1047404939761126,0.0024829047428267,64.63395881652832,0.0570131540298461,0.7252060770988464,2.417410373687744,0.0007256865501403,0.0021953582763671,0.0007256865501403,-0.0014696717262268,0.0009996622085974,0.0009073206627697,9.234154582767996e-05,0.8721575736999512,0.7751152515411377,0.0,0.0,0.7256524562835693,2.4149863719940186,0.0002793073654174,0.0046193599700927,0.0002793073654174,-0.0043400526046752,0.0003847570521139,0.0019091374718901,-0.0015243804197761,0.8738966584205627,0.7751152515411377,0.0,0.0
38,168,population_random,0.0001791549875633,1.5641196966171265,-1.1729106174752817,0.0001145404587326,65.6630048751831,1561,0,0.0,0.0,9901,8549,9866,9.803175998968072e-06,0.0360413156449794,-0.0270211835577356,1.2157594206807211e-05,0.0125755709277721,-0.0094195206016223,0.0001133793557528,0.0293092243373394,-0.0218685388972517,0.0001406095533546,0.0102266030775028,-0.0075293427547724,-0.1121284019500017,0.0007198936790227,0.1762,0.0002040110354856,1.303472604290303,-1.8718655780958211e-06,-0.0070391316884596,-0.977400442182242,0.0001565134816136,101.0,1e-05,7.0,3145728.0,0.0001632574692069,0.0592970060154192,0.0013398141085119,64.63395881652832,0.0569844245910644,0.7253308296203613,2.41499400138855,0.0006009340286254,0.0046117305755615,0.0006009340286254,-0.004010796546936,0.0008278106272755,0.0019059843158075,-0.0010781736885319,0.8738966584205627,0.7751152515411377,0.0,0.0,0.7259960174560547,2.418822288513184,-6.42538070678711e-05,0.0007834434509277,-6.42538070678711e-05,-0.0008476972579956,-8.85121856975803e-05,0.0003237897152325,-0.0004123019009301,0.8721575736999512,0.7751152515411377,0.0,0.0
39,5,population_random,6.207899332366651e-06,0.0,6.207899332366651e-06,6207899.332366651,65.68365335464478,1561,11,0.007046764894298526,0.001383828475336323,4489,8682,1867,-1.8715859084750266e-07,-2.047777161351405e-05,-1.8715859084750266e-07,-2.3210826777784247e-07,-7.145123998944198e-06,-2.3210826777784247e-07,-2.0146370616203058e-07,-8.336305654665921e-06,-2.0146370616203058e-07,-2.4984902721069573e-07,-2.908711881344512e-06,-2.4984902721069573e-07,-3.528892993927002e-07,-5.6028366088867184e-08,0.0,5.179676321613507e-06,5.636255350458996e-07,6.709307052922049e-15,0.002298181825472,4.756957170329082e-06,9.189908564527917,101.0,1e-05,7.0,3145728.0,5.921040675665219e-06,0.0145813016923412,0.0002990482899457,64.63395881652832,4.76837158203125e-07,0.725931704044342,2.4196057319641118,5.960464477539064e-08,0.0,5.960464477539064e-08,5.960464477539064e-08,8.210777894024147e-08,0.0,8.210777894024147e-08,0.8738966584205627,0.7751152515411377,0.0,0.0,0.725931704044342,2.4196057319641118,5.960464477539064e-08,0.0,5.960464477539064e-08,5.960464477539064e-08,8.210777894024147e-08,0.0,8.210777894024147e-08,0.8738966584205627,0.7751152515411377,0.0,0.0
11,248,population_random,0.0167295467108488,0.2919360995292663,-0.2022225279361009,0.0573055087663606,65.12317323684692,1561,201,0.1287636130685458,0.01663315532911595,405,3889,8770,-0.0097197266295552,0.0121275521814823,-0.0188153907656669,-0.012054102892335,0.0042315573088612,-0.0152277708739809,0.0041159940883517,0.0313424952328205,-0.0193908773362636,0.0051045279498261,0.0109360539369933,-0.0030975125029187,-0.0584156391285359,-0.0038438387662172,0.0024,0.0156163130021458,0.244866695302662,1.1797432762250535e-05,0.0030851713212546,-0.1680337084748506,0.0637747529641788,101.0,1e-05,7.0,3145728.0,0.0201160246506333,0.0781288518552131,0.0017724616589251,64.63395881652832,0.3280904293060303,0.7304630279541016,2.437052965164185,-0.0045312643051147,-0.0174472332000732,-0.0176166892051696,0.0129159688949584,-0.006241997570595,-0.007210775280281,0.000968777709686,0.8738966584205627,0.7751152515411377,0.0,0.0,0.7307643890380859,2.4260053634643555,-0.0048326253890991,-0.0063996315002441,-0.0096323490142822,0.001567006111145,-0.0066571345009168,-0.0026449067365406,-0.0040122277643762,0.871598482131958,0.7751152515411377,0.0,0.0
15,7,population_random,0.0,0.0,0.0,0.0,65.20324182510376,1561,0,0.0,0.0,8116,8768,1904,0.0,0.0,0.0,0.0,0.0,0.0,-0.0030082946177572,0.0018822527490556,-0.0044199841795489,-0.003730793491932,0.0006567574608792,-0.0042233615875914,0.0,0.0,0.0,0.0,0.0,0.0,0.0,0.0,0.0,101.0,1e-05,7.0,3145728.0,0.0,0.0,0.0,64.61052083969116,0.0,0.7259317636489868,2.4196057319641118,0.0,0.0,0.0,0.0,0.0,0.0,0.0,0.8738966584205627,0.7751152515411377,0.0,0.0,0.7259317636489868,2.4196057319641118,0.0,0.0,0.0,0.0,0.0,0.0,0.0,0.8738966584205627,0.7751152515411377,0.0,0.0
31,7,population_random,0.0015694946050643,0.0013930374989286,0.0005247164808679,1.1266707501735087,65.5235161781311,1561,9,0.005765534913516977,0.00040163557014734146,6159,7767,1723,-0.0007308184867724,0.0005929046892561,-0.0011754970037145,-0.0009063383746194,0.0002068768811492,-0.0010614960354813,-0.0005529171321541,-0.0040842741727828,-0.0005529171321541,-0.0006857106435127,-0.0014250889189017,-0.0006857106435127,-0.0080816379860043,0.0015937866866588,0.168,0.0013016453100673,0.0031883723625451,8.661369954587882e-10,0.0002087011755187,-0.0010896339618414,0.4082475826694396,101.0,1e-05,7.0,3145728.0,0.000473938410453,0.0473161590788274,0.001077548375013,64.63395881652832,0.0675649642944336,0.72688889503479,2.4164326190948486,-0.0009571313858032,0.0031731128692626,-0.0009571313858032,-0.0041302442550659,-0.0013184867142223,0.0013114173219811,-0.0026299040362035,0.871288001537323,0.7751152515411377,0.0,0.0,0.7262980937957764,2.410530805587769,-0.0003663301467895,0.0090749263763427,-0.0003663301467895,-0.0094412565231323,-0.0005046344093667,0.0037505806241317,-0.0042552150334984,0.871288001537323,0.7751152515411377,0.0,0.0
21,1,population_random,0.0322853587567806,0.0311161149293184,0.0089482725597918,1.037576793538673,65.32208204269409,1561,18,0.011531069827033953,0.0016124854860666239,4217,2448,973,0.0022545838728547,-0.0109242824837565,0.0022545838728547,0.0027960648502347,-0.0038117112749916,0.0027960648502347,-0.0004480266652535,-0.0124766705557703,-0.0004480266652535,-0.0005556287462915,-0.0043533720317558,-0.0005556287462915,-0.0056098712161183,0.0064659285545349,0.7848,0.0324156902845885,0.0279821532066745,0.0001864154619397,0.2055159472283862,0.0114290753795825,1.1584415982576333,101.0,1e-05,7.0,3145728.0,0.037355423372771,0.0770526514684556,0.0019256971959473,64.63395881652832,0.0945911407470703,0.7247106432914734,2.42943811416626,0.0012211203575134,-0.0098323822021484,-0.0061531662940979,0.0110535025596618,0.0016821420671487,-0.0040636299014579,0.0057457719686066,0.8731061816215515,0.7751152515411377,0.0,0.0,0.7222241759300232,2.426463842391968,0.0037075877189636,-0.0068581104278564,-0.0014359951019287,0.01056569814682,0.0051073501734198,-0.0028343917098796,0.0079417418832995,0.8710765242576599,0.7751152515411377,0.0,0.0
16,143,population_random,0.0,0.0,0.0,0.0,65.22136497497559,1561,0,0.0,0.0,8241,8768,1904,5.82015527470503e-05,-0.0084134908393025,5.82015527470503e-05,7.217975690523229e-05,-0.0029356434110792,7.217975690523229e-05,-0.0037015730049461,0.0036806147545576,-0.0064620340708643,-0.0045905758017344,0.001284243681881,-0.0055537585631452,-0.0098058598786592,0.0048775567859411,0.4372,0.0,0.0,0.0,0.0,0.0,0.0,101.0,1e-05,7.0,3145728.0,0.0,0.0,0.0,64.61052083969116,0.0,0.7259317636489868,2.4196057319641118,0.0,0.0,0.0,0.0,0.0,0.0,0.0,0.8738966584205627,0.7751152515411377,0.0,0.0,0.7259317636489868,2.4196057319641118,0.0,0.0,0.0,0.0,0.0,0.0,0.0,0.8738966584205627,0.7751152515411377,0.0,0.0
16,103,population_random,0.1365028619766235,0.3973324596881866,-0.1614964827895164,0.3435482268008079,65.22136497497559,1561,127,0.08135810377962845,0.008893224995996157,990,559,8491,-0.0070392107591032,0.0345048196613788,-0.0329178255051374,-0.008729810415969,0.0120394552539622,-0.0177594018564406,-0.0035708958748728,0.0100873718038201,-0.0111364247277379,-0.0044285140862548,0.0035196955861243,-0.0070682857758481,-0.0713513035550713,-0.0045081188678741,0.0032,0.1399446094409883,0.3645131440945488,0.0004538256907835,0.0088965107865162,-0.1334402486299232,0.3839219839060318,101.0,1e-05,7.0,3145728.0,0.1499324877347265,0.0906440629517537,0.0020789948608273,64.63395881652832,0.332791805267334,0.7240974307060242,2.4086599349975586,0.0018343329429626,0.0109457969665527,0.0018343329429626,-0.00911146402359,0.0025268668968859,0.0045237936172632,-0.0019969267203772,0.8739757537841797,0.7751152515411377,0.0,0.0,0.7149273157119751,2.428522109985352,0.0110044479370117,-0.0089163780212402,0.0043171644210815,0.0199208259582519,0.0151590665790631,-0.0036850540992901,0.0188441206783532,0.8721575736999512,0.7751152515411377,0.0,0.0
6,104,population_random,0.0220869779586792,0.0565072931349277,-0.0202934918925166,0.3908695096321317,65.02245616912842,1561,0,0.0,0.0,7588,3240,4890,-0.0047325412742793,-0.0025358425918966,-0.0047325412742793,-0.005869150608508,-0.0008848086648719,-0.005869150608508,-0.0085353245958685,0.0346468351781368,-0.0345204509794712,-0.0105852442994876,0.0120890074462691,-0.0196519998841894,-0.0338625761084258,0.0037979345172643,0.1134,0.0219549707260649,0.0515225626518384,0.0006489734223578,0.573715512732357,-0.0166869512628139,0.4261234223537863,101.0,1e-05,7.0,3145728.0,0.0200912585215909,0.1119330206220521,0.0025091638092151,64.63395881652832,0.3733763694763183,0.7340004444122314,2.401439666748047,-0.0080686807632446,0.0181660652160644,-0.0080686807632446,-0.026234745979309,-0.0111149300351404,0.007507861704939,-0.0186227917400795,0.8696479201316833,0.7751152515411377,0.0,0.0,0.7235099077224731,2.4613428115844727,0.0024218559265136,-0.0417370796203613,-0.0288809537887573,0.044158935546875,0.0033362032738998,-0.017249537422149,0.0205857406960489,0.872507631778717,0.7751152515411377,0.0,0.0
6,178,population_random,0.0,0.0,0.0,0.0,65.02245616912842,1561,0,0.0,0.0,7601,8768,1904,0.0,0.0,0.0,0.0,0.0,0.0,0.0014415759360417,0.0409054085612297,-0.0292374804848805,0.0017877976739924,0.0142727549615104,-0.0089167685471403,0.0,0.0,0.0,0.0,0.0,0.0,0.0,0.0,0.0,101.0,1e-05,7.0,3145728.0,0.0,0.0,0.0,64.61052083969116,0.0,0.7259317636489868,2.4196057319641118,0.0,0.0,0.0,0.0,0.0,0.0,0.0,0.8738966584205627,0.7751152515411377,0.0,0.0,0.7259317636489868,2.4196057319641118,0.0,0.0,0.0,0.0,0.0,0.0,0.0,0.8738966584205627,0.7751152515411377,0.0,0.0
7,71,population_random,0.0385262891650199,0.1662976443767547,-0.086196944117546,0.2316706848685438,65.04310464859009,1561,55,0.035233824471492634,0.004801484425048046,2021,2094,7434,0.0014776902971789,0.024375906214118,-0.0168042393634095,0.0018325855822979,0.008505264917183,-0.0045463631055893,0.0001854455476859,0.0325988307595253,-0.024263677521958,0.0002299838048875,0.0113744157515503,-0.0083008280087751,-0.0604995018169283,0.006502808175981,0.1702,0.03960113792903,0.146954170914882,0.0029066076967865,0.4994555424844573,-0.0706144902571314,0.2694795097152984,101.0,1e-05,7.0,3145728.0,0.0409943754119532,0.0975910946928793,0.0023752327748286,64.63395881652832,0.3742132186889648,0.7321347594261169,2.4087581634521484,-0.0062029957771301,0.0108475685119628,-0.0062029957771301,-0.017050564289093,-0.0085448744465319,0.0044831967326996,-0.0130280711792316,0.8723356127738953,0.7751152515411377,0.0,0.0,0.727632462978363,2.39484977722168,-0.0017006993293762,0.0247559547424316,-0.0017006993293762,-0.0264566540718078,-0.0023427812565019,0.0102314002712896,-0.0125741815277915,0.8742862939834595,0.7751152515411377,0.0,0.0
28,149,sentinel,2.027724027633667,3.933236360549927,-0.922203242778778,0.5155357679419105,65.4615707397461,1561,115,0.07367072389493914,0.015506605090887252,452,1,9800,-0.0258482471108436,0.0160202197730541,-0.0378634119406342,-0.0320561927444732,0.0055897906729884,-0.0362485357492145,-0.0312721319496631,0.0396652445197105,-0.061021065339446,-0.0387827261558658,0.0138400357173013,-0.0491627529438418,-0.0663381194025278,-0.0191668506264686,0.0,2.0823394948006064,3.430526873991619,1.4069161415100098,0.1969499388040535,-0.4905556606931078,0.6070028223906829,101.0,1e-05,7.0,3145728.0,1.8967769656862528,0.1021541831349929,0.0023050823899096,64.63395881652832,0.1232442855834961,0.6374752521514893,2.370233058929444,0.0884565114974975,0.0493726730346679,0.0884565114974975,0.0390838384628295,0.1218523777673811,0.0204052554440717,0.1014471223233093,0.8730270266532898,0.7751152515411377,0.0,0.0,0.6393173933029175,2.375014543533325,0.0866143703460693,0.0445911884307861,0.0866143703460693,0.0420231819152832,0.119314754751454,0.0184291134054263,0.1008856413460277,0.8738966584205627,0.7751152515411377,0.0,0.0
30,229,sentinel,1.9938936233520508,7.907148361206055,-3.93646764755249,0.2521634263414372,65.50286769866943,1561,48,0.03074951953875721,0.0159249754764574,437,2,9984,0.0011691510444507,0.005325567908585,-0.0028250248869881,0.0014499447899734,0.0018582023371393,5.629303711890562e-05,0.0008641207241453,0.0026886248961091,-0.0011523479479365,0.0010716556665877,0.0009381176151349,0.0003680674552365,-0.0531813583560287,0.009901809811592,0.3148,2.003896915402896,6.959974031742475,5.479002934880555,0.3928425641382382,-3.2160836084039603,0.2879172977174053,101.0,1e-05,7.0,3145728.0,1.9297516345977783,0.0981869582143656,0.0021961996388565,64.63395881652832,0.12371826171875,0.714834451675415,2.39912486076355,0.0110973119735717,0.0204808712005615,0.0110973119735717,-0.0093835592269897,0.015286990498652,0.0084645489676271,0.0068224415310249,0.8731061816215515,0.7751152515411377,0.0,0.0,0.7151541709899902,2.4037210941314697,0.0107775926589965,0.0158846378326416,0.0107775926589965,-0.005107045173645,0.0148465643724165,0.0065649695001124,0.0082815948723041,0.8748452067375183,0.7751152515411377,0.0,0.0
29,194,sentinel,1.7742013931274414,7.061946392059326,-3.522258400917053,0.2512340500236815,65.48221921920776,1561,209,0.133888532991672,0.019288204176008968,335,3,9981,0.0065571842715144,0.0196450967341661,-0.0081766382791101,0.0081320161466776,0.0068545862697402,0.0029910764443724,0.0019340085564181,-0.0134060140699148,0.0019340085564181,0.0023984973057608,-0.0046776394750841,0.0023984973057608,-0.0479226925745606,0.0128236737400293,0.333,1.8301557037944136,5.991816662151956,2.0929916501045227,0.1908626457373846,-2.663706792819553,0.3054425405494315,101.0,1e-05,7.0,3145728.0,1.708284957068307,0.1011909223451808,0.0022781881739971,64.63395881652832,0.207855224609375,0.6462290287017822,2.372530460357666,0.0797027349472045,0.0470752716064453,0.0797027349472045,0.0326274633407592,0.1097937009211014,0.0194557613186971,0.0903379396024043,0.8721575736999512,0.7751152515411377,0.0,0.0,0.6470742225646973,2.3612101078033447,0.0788575410842895,0.0583956241607666,0.0788575410842895,0.0204619169235229,0.1086294126157288,0.0241343551923908,0.084495057423338,0.871288001537323,0.7751152515411377,0.0,0.0
27,89,sentinel,1.7297823429107666,3.2424979209899902,-0.7020910978317261,0.5334721517360606,65.44344758987427,1561,54,0.03459320948110186,0.009400587063581038,907,4,9722,0.0098827946931123,0.0302591603249311,-0.0128115755505859,0.0122563348368626,0.0105580556667056,0.0043377930868334,0.0046885549090802,0.0154571719467639,-0.0069043240509927,0.0058146000854143,0.0053933314775199,0.0017696014772743,-0.0577407174259424,0.0135027285516262,0.2656,1.7787467030583788,2.8270043950783807,0.959892749786377,0.1908895348096135,-0.3415065932504066,0.6291984215356808,101.0,1e-05,7.0,3145728.0,1.659827130181449,0.1026575210335108,0.0023144003957676,64.63395881652832,0.0825715065002441,0.6509258151054382,2.392683982849121,0.0750059485435485,0.0269217491149902,0.0750059485435485,0.0480841994285583,0.1033236900483894,0.0111265024542393,0.09219718759415,0.8738966584205627,0.7751152515411377,0.0,0.0,0.6496797204017639,2.3890092372894287,0.0762520432472229,0.0305964946746826,0.0762520432472229,0.0456555485725402,0.105040235274914,0.0126452397886518,0.0923949954862622,0.8738966584205627,0.7751152515411377,0.0,0.0
24,153,sentinel,1.7215179204940796,6.016139030456543,-2.790586352348328,0.2861499562723958,65.38150215148926,1561,251,0.16079436258808455,0.02333646550688661,245,5,9977,0.0322626829147338,0.0918803513050079,-0.036647580564022,0.0400111766779985,0.0320589815889727,0.015966940486269,0.0178667269647121,0.0845348611474037,-0.0455344188958406,0.0221577595121882,0.0294959860150564,3.577000089595439e-05,-0.1006893594898283,0.0221595573388039,0.116,1.759929687439309,5.269477046520938,3.6162883043289193,0.3899421774213921,-2.1921780974513947,0.333985644476985,101.0,1e-05,7.0,3145728.0,1.7001978669847762,0.1012765476404297,0.0022718251309129,64.63395881652832,0.1944503784179687,0.6379988789558411,2.321822166442871,0.0879328846931457,0.0977835655212402,0.0879328846931457,-0.0098506808280944,0.121131060929391,0.04041301614948,0.080718044779911,0.8739757537841797,0.7751152515411377,0.0,0.0,0.643535315990448,2.333817481994629,0.0823964476585388,0.0857882499694824,0.0823964476585388,-0.0033918023109436,0.1135043977747478,0.0354554664986034,0.0780489312761443,0.8739757537841797,0.7751152515411377,0.0,0.0
34,239,sentinel,1.6505783796310425,0.0050076958723366,1.64682260772679,329.60835110205335,65.58293628692627,1561,1349,0.8641896220371557,0.1455758465627002,19,6,1,0.0367480404675006,0.000442699791165,0.0364160156241268,0.0455737777171635,0.0001544672419382,0.0454579272857098,0.0435641296207904,0.0023838854394853,0.0417762155411765,0.0540268796518671,0.0008317876273783,0.0534030389313334,0.0261356833055615,0.0450027893558144,1.0,1.6770516228689003,0.0046870512905903,5.160583896213211e-06,0.0006565271725959,1.6735363344009575,357.80526359460225,101.0,1e-05,7.0,3145728.0,1.5413642610822404,0.0955876376149333,0.0022442855790438,64.63395881652832,0.0839433670043945,0.6787402629852295,2.4167020320892334,0.0471915006637573,0.0029036998748779,0.0471915006637573,0.0442878007888793,0.0650081771137046,0.0012000714978141,0.0638081056158904,0.871288001537323,0.7751152515411377,0.0,0.0,0.6766427755355835,2.423949956893921,0.0492889881134033,-0.0043442249298095,0.0460308194160461,0.0536332130432128,0.0678975498546117,-0.0017954267806611,0.0696929766352729,0.871288001537323,0.7751152515411377,0.0,0.0
36,252,sentinel,1.5800461769104004,4.570921897888184,-1.8481452465057373,0.3456734138555405,65.62170791625977,1561,179,0.11467008327994875,0.023320356292040358,246,7,9951,-0.0144204385578632,-0.0005770009593106,-0.0144204385578632,-0.0178837797351748,-0.0002013277362202,-0.0178837797351748,-0.0219988208264112,0.0076858554966747,-0.0277632124489173,-0.0272822539005645,0.0026817561792449,-0.0292935710349982,-0.0345083474442362,-0.0107298610806465,0.0,1.5786795444427768,3.894445665159471,1.188215255737305,0.1932660156563197,-1.3421547044268265,0.4053669456902609,101.0,1e-05,7.0,3145728.0,1.4794838428497314,0.1014340108316469,0.002208239516187,64.63395881652832,0.0820188522338867,0.655622124671936,2.3826615810394287,0.0703096389770507,0.0369441509246826,0.0703096389770507,0.0333654880523681,0.0968543360379088,0.0152686656493796,0.0815856703885291,0.8731061816215515,0.7751152515411377,0.0,0.0,0.6556206345558167,2.382943153381348,0.0703111290931701,0.0366625785827636,0.0703111290931701,0.0336485505104064,0.0968563887323823,0.015152294482706,0.0817040942496763,0.8731061816215515,0.7751152515411377,0.0,0.0
30,31,sentinel,1.502492904663086,0.0284583903849124,1.4811491118744016,52.79613092266989,65.50286769866943,1561,1495,0.9577194106342088,0.23664248928971812,9,8,2,-0.0179979261010885,-0.0062849624082446,-0.0179979261010885,-0.0223204686036618,-0.0021929551995772,-0.0223204686036618,-0.0069070481695234,-0.0001999366213567,-0.0069070481695234,-0.0085659064797751,-6.97620804883479e-05,-0.0085659064797751,-0.0322290392443537,-0.0049055660888552,0.003,1.5467633293765022,0.0245410080474055,0.0001491486145823,0.0039291893523574,1.528357573340948,63.02770148339513,101.0,1e-05,7.0,3145728.0,1.5174777507781982,0.0937459083001981,0.0021956660849493,64.63395881652832,0.0827884674072265,0.6609355211257935,2.41839337348938,0.0649962425231933,0.0012123584747314,0.0649962425231933,0.0637838840484619,0.0895349201920599,0.0005010562087515,0.0890338639833084,0.8739757537841797,0.7751152515411377,0.0,0.0,0.6599053740501404,2.4233646392822266,0.0660263895988464,-0.0037589073181152,0.06320720911026,0.0697852969169616,0.0909539889354841,-0.0015535205874487,0.0925075095229329,0.871288001537323,0.7751152515411377,0.0,0.0
27,254,sentinel,1.3883612155914309,0.0551568642258644,1.3469935674220324,25.171141163518552,65.44344758987427,1561,1455,0.9320948110185778,0.23809169302530428,8,10,3,0.0032080179080367,-0.0101846335455775,0.0032080179080367,0.0039784841094545,-0.0035536322477067,0.0039784841094545,0.0041735349223017,-0.0108313392847776,0.0041735349223017,0.0051758883038134,-0.0037792814435579,0.0051758883038134,-0.0182004923522472,0.0252905864715576,0.5998,1.3703456913789749,0.0505942457052142,0.0003934766427846,0.0056752852273278,1.332400007100064,27.0850108001642,101.0,1e-05,7.0,3145728.0,1.5813682419913155,0.0867227581317908,0.0019214562542654,64.63395881652832,0.0825428962707519,0.6736080646514893,2.4180617332458496,0.0523236989974975,0.0015439987182617,0.0523236989974975,0.0507797002792358,0.0720779853115752,0.0006381199622173,0.0714398653493579,0.8739757537841797,0.7751152515411377,0.0,0.0,0.672997236251831,2.417762279510498,0.0529345273971557,0.0018434524536132,0.0529345273971557,0.0510910749435424,0.0729194258301548,0.0007618813384595,0.0721575444916952,0.8757147789001465,0.7751152515411377,0.0,0.0
35,255,sentinel,1.26911461353302,0.0108207678422331,1.2609990376513451,117.28507920319784,65.60358476638794,1561,1478,0.9468289557975657,0.2079357120335522,10,15,4,-0.002817295724526,-0.0020752078853547,-0.002817295724526,-0.0034939226004884,-0.0007240835548073,-0.0034939226004884,0.0092665283009409,0.0002398097567493,0.009086670983379,0.0114920604098706,8.367465369130687e-05,0.0114293044196021,-0.0088233674205839,0.0023913896977901,0.1378,1.2734995867800032,0.0090904806121689,-7.480191925424151e-06,-0.000646140685019,1.2666817263208765,140.09155741833342,101.0,1e-05,7.0,3145728.0,1.265063864844186,0.0924650714185428,0.0021595728928061,64.63395881652832,0.0776813030242919,0.6868225336074829,2.4132981300354004,0.0391092300415039,0.0063076019287109,0.0391092300415039,0.0328016281127929,0.0538745265049658,0.0026068717912941,0.0512676547136716,0.8739757537841797,0.7751152515411377,0.0,0.0,0.6870786547660828,2.4172797203063965,0.038853108882904,0.0023260116577148,0.038853108882904,0.0365270972251892,0.0535217093788595,0.0009613184606843,0.0525603909181751,0.8739757537841797,0.7751152515411377,0.0,0.0
29,93,sentinel,1.1939468383789062,0.0111037222668528,1.1856190466787666,107.52672028150263,65.48221921920776,1561,1497,0.9590006406149904,0.2925669580297085,2,22,5,-0.0161420013755559,-0.0068776900880038,-0.0161420013755559,-0.020018808438244,-0.0023997703184005,-0.020018808438244,-0.0255704205483198,-0.0073583247140049,-0.0255704205483198,-0.0317116408760386,-0.0025674738198254,-0.0317116408760386,-0.025636219382286,-0.0066245977431535,0.0,1.18321831417315,0.0096056285193457,-4.841227200813592e-05,-0.0042595605338952,1.1760140927836409,123.17968695822078,101.0,1e-05,7.0,3145728.0,1.3077885934284754,0.0884361424232386,0.0020360081699168,64.63395881652832,0.0619325637817382,0.6735351085662842,2.41686749458313,0.0523966550827026,0.0027382373809814,0.0523966550827026,0.0496584177017211,0.072178485232998,0.0011316874252726,0.0710467978077254,0.8766239285469055,0.7751152515411377,0.0,0.0,0.6742008328437805,2.421395778656006,0.0517309308052063,-0.0017900466918945,0.0503883957862854,0.0535209774971008,0.0712614234500145,-0.0007398092458813,0.0720012326958958,0.8739757537841797,0.7751152515411377,0.0,0.0
30,90,sentinel,1.1845149993896484,0.0095889242365956,1.1773233062122015,123.52949820434276,65.50286769866943,1561,451,0.2889173606662396,0.0461808961603139,84,23,6,-0.0259484760463237,0.0047032944858074,-0.0294759469106793,-0.0321804935552997,0.0016410780889101,-0.0334113021219824,-0.034736443310976,-0.0056578502990305,-0.034736443310976,-0.0430790574408807,-0.0019741426321679,-0.0430790574408807,-0.0463934630900621,-0.0139172357991337,0.0,1.2492366486508275,0.0080177490984834,-1.65653495969309e-05,-0.0016538778373248,1.2432233368269652,155.80889762830208,101.0,1e-05,7.0,3145728.0,1.275383634226663,0.089674921892062,0.0019587818318622,64.63395881652832,0.0304563045501709,0.6849666833877563,2.4158473014831543,0.0409650802612304,0.003758430480957,0.0409650802612304,0.0372066497802734,0.0564310343100491,0.0015533235151935,0.0548777107948555,0.8739757537841797,0.7751152515411377,0.0,0.0,0.6819133758544922,2.413100242614746,0.0440183877944946,0.0065054893493652,0.0440183877944946,0.0375128984451293,0.0606370873940419,0.0026886567771867,0.0579484306168552,0.8739757537841797,0.7751152515411377,0.0,0.0
36,41,sentinel,1.2255859375,0.0943866148591041,1.154795976355672,12.984743009551847,65.62170791625977,1561,1513,0.9692504804612428,0.24825942279588406,7,21,7,0.0263056308031082,-0.0010171103058382,0.0263056308031082,0.0326234257848622,-0.0003548911176947,0.0326234257848622,0.036179419606924,0.0022844951599836,0.0344660482369363,0.044868591797708,0.0007971082743348,0.0442707605919569,0.0122764851152896,0.0384105221778154,0.9998,1.3127647995631264,0.0788828820501895,0.0008687665686011,0.008389448409463,1.2536026380254843,16.641947725885988,101.0,1e-05,7.0,3145728.0,1.3213810920715332,0.0887231707820232,0.001983891218265,64.63395881652832,0.0867528915405273,0.6887106895446777,2.4135854244232178,0.037221074104309,0.0060203075408935,0.037221074104309,0.0312007665634155,0.0512735162836968,0.0024881357575585,0.0487853805261382,0.8757147789001465,0.7751152515411377,0.0,0.0,0.6876209378242493,2.416962146759033,0.0383108258247375,0.0026435852050781,0.0383108258247375,0.0356672406196594,0.0527746928060612,0.0010925685826228,0.0516821242234384,0.8757147789001465,0.7751152515411377,0.0,0.0
26,165,sentinel,1.104378342628479,0.0,1.104378342628479,1104378342628.479,65.4227991104126,1561,775,0.4964766175528507,0.09634608599255286,29,29,8,0.0048444136045873,-0.0025313859805464,0.0048444136045873,0.0060078911957419,-0.0008832536597027,0.0060078911957419,-0.0008153629023581,-0.0083920881152153,-0.0008153629023581,-0.0010111877313228,-0.002928175551763,-0.0010111877313228,-0.0149400722794234,0.0222594884596764,0.634,1.0924369696279688,0.0053926849761907,-6.088127065595472e-05,-0.0103343286383152,1.0883924558958258,202.57756094572872,101.0,1e-05,7.0,3145728.0,1.2278313977377755,0.0880425914299516,0.0019498520705207,64.63395881652832,0.0847284793853759,0.6860559582710266,2.415603876113892,0.0398758053779602,0.0040018558502197,0.0398758053779602,0.0358739495277404,0.0549305146499162,0.0016539289014542,0.053276585748462,0.8739757537841797,0.7751152515411377,0.0,0.0,0.6875588297843933,2.4188790321350098,0.0383729338645935,0.0007266998291015,0.0383729338645935,0.0376462340354919,0.0528602491117169,0.0003003381168681,0.0525599109948488,0.8746337294578552,0.7751152515411377,0.0,0.0
6,91,sentinel,0.4404746294021606,0.0798650756478309,0.3805758226662874,5.515234610669378,65.02245616912842,1561,1511,0.9679692504804612,0.33570853018898145,1,138,32,0.0223584361374378,0.0618882216513156,-0.0240577301010489,0.0277282376330279,0.0215940985239316,0.0115326637400792,0.0289567224681377,0.0533073395490646,-0.0110237821936607,0.0359112272761208,0.0186000487904908,0.0219611906832527,-0.0715980345122516,0.0195203307904302,0.1396,0.4379398825281075,0.0682124295557013,-3.536190342856571e-05,-0.0011837435290842,0.3867805603613314,6.420235804151665,101.0,1e-05,7.0,3145728.0,0.4742713442870548,0.0893195762880871,0.0019945964820369,64.63395881652832,0.3009634017944336,0.7168930172920227,2.4238553047180176,0.0090387463569641,-0.0042495727539062,0.0058515667915344,0.0132883191108703,0.0124512341373929,-0.0017563079380113,0.0142075420754042,0.8725471496582031,0.7751152515411377,0.0,0.0,0.7109650373458862,2.402979612350464,0.0149667263031005,0.0166261196136474,0.0149667263031005,-0.0016593933105468,0.0206172632918946,0.0068714168568906,0.0137458464350039,0.8723751306533813,0.7751152515411377,0.0,0.0
15,130,sentinel,0.7398974299430847,0.1127090156078338,0.6553656682372093,6.564669436125333,65.20324182510376,1561,1521,0.974375400384369,0.28391505845611786,3,68,18,0.0093069169670343,0.013541929423809,-0.0008495301008224,0.0115421491783441,0.0047250631926284,0.0079983517838728,0.0126658491790294,0.0510041825473308,-0.0255872877314686,0.0157077925173914,0.017796429008172,0.0023604707612624,-0.0388193493187427,0.0216507962048053,0.4756,0.7139428616555927,0.0991567702520195,-0.0002211244427599,-0.0031235677009712,0.6395752839665781,7.200142358749848,101.0,1e-05,7.0,3145728.0,0.8726257852145604,0.0866663273885318,0.0019774785005613,64.63395881652832,0.1725296974182129,0.6963182687759399,2.41667914390564,0.0296134948730468,0.0029265880584716,0.0296134948730468,0.0266869068145751,0.040793772026438,0.0012095309660619,0.039584241060376,0.8739757537841797,0.7751152515411377,0.0,0.0,0.7018206119537354,2.4173433780670166,0.0241111516952514,0.0022623538970947,0.0241111516952514,0.0218487977981567,0.0332140745213486,0.0009350093146201,0.0322790652067284,0.8725471496582031,0.7751152515411377,0.0,0.0
33,212,sentinel,0.7337551116943359,0.0796742290258407,0.6739994399249554,9.209441003152318,65.5622878074646,1561,1440,0.9224855861627163,0.276285859425048,4,69,16,-0.0053435158915817,-0.0026361597701907,-0.0053435158915817,-0.0066268623407674,-0.000919811432344,-0.0066268623407674,-0.0075027775019407,-0.0001187223169836,-0.0075027775019407,-0.0093047114835192,-4.142470637430683e-05,-0.0093047114835192,-0.0136099679097533,0.0018762627765536,0.069,0.7203015188013143,0.066243421728707,0.0004893012810498,0.0102546127594475,0.670618952504784,10.873555441329096,101.0,1e-05,7.0,3145728.0,0.8277243035180228,0.0852282637390405,0.0019333322466348,64.63395881652832,0.0497245788574218,0.6964055895805359,2.4162707328796387,0.0295261740684509,0.0033349990844726,0.0295261740684509,0.0261911749839782,0.0406734841302905,0.0013783233526089,0.0392951607776816,0.8739757537841797,0.7751152515411377,0.0,0.0,0.6949872374534607,2.418354749679565,0.0309445261955261,0.0012509822845458,0.0309445261955261,0.0296935439109802,0.0426273208379525,0.0005170190614197,0.0421103017765328,0.8739757537841797,0.7751152515411377,0.0,0.0
12,23,sentinel,0.5110684633255005,0.237409695982933,0.3330111913383007,2.152685724175678,65.14129638671875,1561,1507,0.9654067905188981,0.2625179547365471,5,113,39,0.0022372198291122,-0.002283880719915,0.0022372198291122,0.0027745305028322,-0.0007968938833081,0.0027745305028322,0.0005586141487583,0.0258899256587028,-0.0188588300952687,0.0006927759064511,0.009033538055127,-0.0060823776348941,-0.0290473773516714,0.0203250275328755,0.4396,0.4896269146480332,0.2270391399721683,0.0009525151690468,0.0085685213820904,0.3193475596689069,2.1565749179013705,101.0,1e-05,7.0,3145728.0,0.5934839291231973,0.0850725961168129,0.0018970613549841,64.63395881652832,0.5839266777038574,0.7115230560302734,2.400777816772461,0.0144087076187133,0.0188279151916503,0.0144087076187133,-0.004419207572937,0.019848570265456,0.0077813979951051,0.0120671722703509,0.8748452663421631,0.7751152515411377,0.0,0.0,0.7130041718482971,2.4458603858947754,0.0129275918006896,-0.026254653930664,-0.0067633986473083,0.0391822457313537,0.01780827406657,-0.0108507983692665,0.0286590724358365,0.8742862939834595,0.7751152515411377,0.0,0.0
31,73,sentinel,1.1245934963226318,0.3676389455795288,0.8488642871379852,3.0589618152310183,65.5235161781311,1561,1503,0.9628443305573351,0.2488473309377002,6,27,14,0.016750393435359,0.0011722273193299,0.0158712229458615,0.0207733173629544,0.0004090146969915,0.0204665563402108,0.0192270465195179,-0.0005990278441458,0.0192270465195179,0.0238447855474909,-0.000209013378312,0.0238447855474909,-0.0002053283862769,0.0293991974964737,0.974,1.1405992113098302,0.3067925951314087,0.0046630725264549,0.0133258288219045,0.9105047649612736,3.7178185829992367,101.0,1e-05,7.0,3145728.0,1.176176633153643,0.090540650180922,0.0020897257873111,64.63395881652832,0.082801342010498,0.6767564415931702,2.417089462280273,0.0491753220558166,0.0025162696838378,0.0491753220558166,0.0466590523719787,0.0677409703201727,0.0010399502904943,0.0667010200296783,0.8738966584205627,0.7751152515411377,0.0,0.0,0.6774439215660095,2.4129583835601807,0.0484878420829772,0.0066473484039306,0.0484878420829772,0.0418404936790466,0.0667939391978759,0.0027472857730977,0.0640466534247782,0.8730270266532898,0.7751152515411377,0.0,0.0
31,38,sentinel,1.4362932443618774,4.884760856628418,-2.227277398109436,0.2940355293775729,65.5235161781311,1561,109,0.06982703395259449,0.012070650324311339,629,9,9965,0.0344968624413013,-0.0531110204756259,0.0344968624413013,0.0427819366921024,-0.0185315489483423,0.0427819366921024,0.041343405842781,-0.0698333010077476,0.041343405842781,0.0512728070389417,-0.0243663033445819,0.0512728070389417,0.0272388403713703,0.0415211408734321,1.0,1.4561471174186105,4.185627760753088,1.1660236120224,0.1913116808653345,-1.6830737031462055,0.3478921683079312,101.0,1e-05,7.0,3145728.0,1.3568138224737984,0.1012130914320519,0.0023632109153156,64.63395881652832,0.0821385383605957,0.6725262403488159,2.376612424850464,0.0534055233001709,0.0429933071136474,0.0534055233001709,0.0104122161865234,0.0735682414993405,0.0177687242783755,0.0557995172209649,0.8730270266532898,0.7751152515411377,0.0,0.0,0.669313907623291,2.371220350265503,0.0566178560256958,0.0483853816986084,0.0566178560256958,0.0082324743270874,0.0779933581375459,0.0199972173397571,0.0579961407977888,0.8730270266532898,0.7751152515411377,0.0,0.0
24,206,sentinel,1.0681456327438354,3.871537923812866,-1.8355078101158144,0.2758969829983226,65.38150215148926,1561,61,0.039077514413837285,0.0051233559216848175,1887,31,9948,0.0247785132378339,0.0020259057637304,0.0232590839150361,0.0307295420407933,0.0007068810105527,0.0301993812828788,0.0298391729593276,0.0263213831931352,0.0100981355644762,0.0370056149501373,0.0091840826379059,0.0301175529717079,-0.0258310799263417,0.0342034399956464,0.8176,1.0825647904738684,3.4387001023438875,1.433349370956421,0.3850382374888991,-1.4964602862840473,0.3148180295617101,101.0,1e-05,7.0,3145728.0,1.050197354384831,0.1020911470004894,0.0023602467538575,64.63395881652832,0.1344908475875854,0.6674883365631104,2.3754537105560303,0.0584434270858764,0.044152021408081,0.0584434270858764,0.0142914056777954,0.0805081551909276,0.0182476098584213,0.0622605453325063,0.8739757537841797,0.7751152515411377,0.0,0.0,0.6692476868629456,2.378817081451416,0.0566840767860412,0.0407886505126953,0.0566840767860412,0.0158954262733459,0.0780845798799485,0.0168575607066301,0.0612270191733184,0.8710765242576599,0.7751152515411377,0.0,0.0
39,95,sentinel,0.4482736885547638,2.4160356521606445,-1.3637530505657196,0.1855410072917136,65.68365335464478,1561,50,0.032030749519538756,0.00359000890855221,2628,132,9909,0.0118774827569723,-0.0359729379415512,0.0118774827569723,0.0147300849819302,-0.0125517125129515,0.0147300849819302,0.0129544688388705,-0.0306224543601274,0.0129544688388705,0.0160657296496865,-0.010684816574999,0.0160657296496865,0.0103356402516365,0.0134844022691249,1.0,0.4609107559333528,2.0508748932303247,0.1539686247706413,0.1628831723582968,-1.0772454139893908,0.2247386017813838,101.0,1e-05,7.0,3145728.0,0.4372082693236215,0.1065470292622682,0.0022840981840842,64.63395881652832,0.0309526920318603,0.7076224684715271,2.4079389572143555,0.0183092951774597,0.0116667747497558,0.0183092951774597,0.0066425204277038,0.0252217854270844,0.0048217668670694,0.0204000185600149,0.8738966584205627,0.7751152515411377,0.0,0.0,0.7076209783554077,2.4064724445343018,0.0183107852935791,0.0131332874298095,0.0183107852935791,0.0051774978637695,0.0252238381215579,0.0054278625878227,0.0197959755337351,0.8738966584205627,0.7751152515411377,0.0,0.0
16,17,sentinel,0.923713445663452,3.100907564163208,-1.401967227458954,0.297884869687311,65.22136497497559,1561,60,0.03843689942344651,0.00498275219210442,1939,47,9918,0.028748907148838,0.0249198731034994,0.0100590023212134,0.0356535011756948,0.0086950663735771,0.029132201395512,0.0137129891663789,0.0177092850208282,0.0004310254007577,0.0170064229862575,0.0061791409629238,0.0123720672640647,-0.0393686896450817,0.034915147870779,0.6578,0.9257224663851488,2.666732524018866,1.1703340411186218,0.4740777532544688,-1.0743269266290012,0.3471373518142355,101.0,1e-05,7.0,3145728.0,0.8753003563199725,0.1043908550339568,0.0024156773104429,64.63395881652832,0.4578971862792969,0.6757795214653015,2.389931917190552,0.0501522421836853,0.0296738147735595,0.0501522421836853,0.0204784274101257,0.0690867168170032,0.0122639049749117,0.0568228118420915,0.8755995035171509,0.7751152515411377,0.0,0.0,0.673997700214386,2.365878105163574,0.0519340634346008,0.0537276268005371,0.0519340634346008,-0.0017935633659362,0.0715412467606428,0.022205116350474,0.0493361304101687,0.8741710186004639,0.7751152515411377,0.0,0.0
39,86,sentinel,0.4829519689083099,0.0338086523115634,0.4575954796746373,14.284863071245292,65.68365335464478,1561,399,0.2556053811659193,0.03589915068465727,128,121,28,0.0098470207303762,0.0005528211477212,0.0094324048695852,0.0122119690800751,0.0001928908928303,0.0120673009104523,0.0090481219813227,0.0005888938903808,0.0086064515635371,0.011221199680001,0.0002054774293026,0.011067091608024,0.0055467762872576,0.0125781745463609,1.0,0.480886045532851,0.0314162695342022,-0.000278239189356,-0.0184171111980882,0.4573238433821993,15.306911121131458,101.0,1e-05,7.0,3145728.0,0.4883476368018559,0.0922077878958554,0.0019698096088048,64.63395881652832,0.002899169921875,0.7089634537696838,2.4196972846984863,0.0169683098793029,-9.1552734375e-05,0.0168996453285217,0.0170598626136779,0.0233745246164868,-3.7837872991267136e-05,0.0234123624894781,0.8757147789001465,0.7751152515411377,0.0,0.0,0.7091040015220642,2.4196972846984863,0.0168277621269226,-9.1552734375e-05,0.0167590975761413,0.0169193148612976,0.0231809144737457,-3.7837872991267136e-05,0.023218752346737,0.8757147789001465,0.7751152515411377,0.0,0.0
24,168,sentinel,0.6550955772399902,1.663591742515564,-0.5925982296466827,0.393783859643958,65.38150215148926,1561,112,0.07174887892376682,0.00850848064141576,1056,85,9651,0.0126384105533361,0.004414030816406,0.0093278874410316,0.0156737639865554,0.0015401479278911,0.0145186530406371,0.0085328640416264,-0.0155520439147949,0.0085328640416264,0.0105821927965866,-0.0054264342969281,0.0105821927965866,-0.011346188981086,0.0191627410016953,0.8098,0.6825319381549014,1.456423266994567,0.2159695327281952,0.2172610638923983,-0.4097855120910237,0.4686357006386515,101.0,1e-05,7.0,3145728.0,0.6610509668077741,0.1007890871978036,0.0023259457906458,64.63395881652832,0.1156563758850097,0.6889306902885437,2.4115560054779053,0.0370010733604431,0.008049726486206,0.0370010733604431,0.028951346874237,0.0509704564716283,0.0033268752755316,0.0476435811960967,0.8757147789001465,0.7751152515411377,0.0,0.0,0.6898483037948608,2.408872604370117,0.0360834598541259,0.0107331275939941,0.0360834598541259,0.0253503322601318,0.0497064072148433,0.0044358993914605,0.0452705078233827,0.8730270266532898,0.7751152515411377,0.0,0.0
39,100,sentinel,0.2599165439605713,0.0,0.2599165439605713,259916543960.5713,65.68365335464478,1561,276,0.17680973734785393,0.029015667540839205,167,259,51,0.0079865278676152,0.0005543660954572,0.0075707532960223,0.009904643652837,0.0001934299574978,0.0097595711847136,0.0072086453437805,0.0002794599568005,0.00699905037618,0.0089399379221284,9.750944007803465e-05,0.0088668058420698,0.0036328299641609,0.0115770269334316,1.0,0.2169616991971821,0.1304306080166761,0.0002030070718319,0.0071737886021755,0.119138743184675,1.663426265465075,101.0,1e-05,7.0,3145728.0,0.2710653085793768,0.0829590752518612,0.0017804360949184,64.63395881652832,0.0034874677658081,0.7187780141830444,2.4196057319641118,0.0071537494659423,0.0,0.0071537494659423,0.0071537494659423,0.0098545756284077,0.0,0.0098545756284077,0.874805748462677,0.7751152515411377,0.0,0.0,0.7187010049819946,2.4196057319641118,0.0072307586669921,0.0,0.0072307586669921,0.0072307586669921,0.0099606588787985,0.0,0.0099606588787985,0.874805748462677,0.7751152515411377,0.0,0.0
36,229,sentinel,0.1677304655313491,0.6943327188491821,-0.3530190736055374,0.2415707354380642,65.62170791625977,1561,84,0.053811659192825115,0.013573968509769378,534,440,9335,0.2574819028377533,0.6997817754745483,-0.2673544287681579,0.3193210537715005,0.244168538078004,0.1361946502129974,0.2575852572917938,0.7195661664009094,-0.2820893675088882,0.3194492307533095,0.2510717270128365,0.1311454354936821,-0.4856988025307655,-0.0706266414821149,0.0032,0.1611357688632601,0.6031895593076998,0.0448519643396139,0.461461737404423,-0.2912564006175148,0.2671395192050965,101.0,1e-05,7.0,3145728.0,0.1631772624594824,0.0843443336874731,0.0018859270837827,64.63395881652832,0.0611183643341064,0.7244189977645874,2.411083936691284,0.0015127658843994,0.0085217952728271,0.0015127658843994,-0.0070090293884277,0.0020838954295033,0.0035219768081428,-0.0014380813786395,0.8731061816215515,0.7751152515411377,0.0,0.0,0.7244139909744263,2.417932510375977,0.0015177726745605,0.0016732215881347,0.0015177726745605,-0.0001554489135742,0.0020907924829343,0.0006915265433664,0.0013992659395678,0.8757147789001465,0.7751152515411377,0.0,0.0
36,95,sentinel,0.0006797552923671,3.704941987991333,-2.778026735701133,0.0001834725873091,65.62170791625977,1561,11,0.007046764894298526,0.0006512502001921845,5663,8267,9976,-0.0002807051059789,0.0189157593995332,-0.0144675246556289,-0.000348121748567,0.0066001051771993,-0.0052982006314665,-0.0015038519632071,0.0125807495787739,-0.0109394141472876,-0.0018650304674431,0.0043896873857447,-0.0051572960067517,-0.0280061141811311,-0.0030357846841216,0.0018,0.0005720111897582,3.090147483355338,-1.0955689333513874e-05,-0.0061980628608656,-2.317038601326745,0.0001851080548223,101.0,1e-05,7.0,3145728.0,0.0007945622408962,0.0800708412719069,0.0018456113193652,64.63395881652832,0.058434247970581,0.7252952456474304,2.415527582168579,0.0006365180015563,0.0040781497955322,0.0006365180015563,-0.0034416317939758,0.0008768289713028,0.0016854604622802,-0.0008086314909774,0.8721575736999512,0.7751152515411377,0.0,0.0,0.7271093726158142,2.4181487560272217,-0.0011776089668273,0.0014569759368896,-0.0011776089668273,-0.002634584903717,-0.0016222033885223,0.00060215427565,-0.0022243576641724,0.8721575736999512,0.7751152515411377,0.0,0.0
25,168,sentinel,1.2862346172332764,6.700655937194824,-3.739257335662842,0.1919565232551779,65.40215063095093,1561,52,0.033311979500320305,0.007317024343369635,1271,14,9983,0.0020672995597124,0.1305081844329834,-0.0958138387650251,0.0025638006655741,0.0455370427139325,-0.0315889813698753,-0.0088074598461389,0.1160344183444976,-0.0958332736045122,-0.0109227379793423,0.0404868421654659,-0.0412878696034417,-0.1350889534018934,-0.0558685842119157,0.0,1.3218273298537415,5.805963512041875,1.9228495955467224,0.2505510840177103,-3.032645304177665,0.2276671782576611,101.0,1e-05,7.0,3145728.0,1.237833840506417,0.1035785955856309,0.0025208974079795,64.63395881652832,0.1256167888641357,0.6629989147186279,2.353580951690674,0.0629328489303588,0.0660247802734375,0.0629328489303588,-0.0030919313430786,0.0866925131007066,0.0272874127388688,0.0594051003618378,0.8747662305831909,0.7751152515411377,0.0,0.0,0.6621484160423279,2.3605310916900635,0.0637833476066589,0.0590746402740478,0.0637833476066589,0.004708707332611,0.0878641089984049,0.0244149860837427,0.0634491229146622,0.8738966584205627,0.7751152515411377,0.0,0.0
33,1,sentinel,0.0101645598188042,2.6901326179504395,-2.0074349036440253,0.0037784604933509,65.5622878074646,1561,12,0.007687379884689302,0.0004219675888853299,6116,5010,9957,-0.0003448253846727,0.0027774525806307,-0.0024279148201458,-0.0004276417254467,0.0009691114572592,-0.0011544753183912,0.0002767717815004,-0.0113558769226074,0.0002767717815004,0.0003432437617902,-0.0039623036265934,0.0003432437617902,-0.0224830936715006,0.0013562132567167,0.17,0.0084544998318234,2.244896611167277,3.968295095546637e-05,0.0020908346852509,-1.675217958543634,0.0037660976410951,101.0,1e-05,7.0,3145728.0,0.0038781065294252,0.075829962738303,0.0017600588657338,64.63395881652832,0.0666050910949707,0.724581778049469,2.412529468536377,0.0013499855995178,0.0070762634277343,0.0013499855995178,-0.0057262778282165,0.0018596590852175,0.0029245522666166,-0.0010648931813991,0.871288001537323,0.7751152515411377,0.0,0.0,0.726726770401001,2.414975166320801,-0.0007950067520141,0.0046305656433105,-0.0007950067520141,-0.0054255723953247,-0.0010951535555049,0.0019137686698864,-0.0030089222253913,0.8721575736999512,0.7751152515411377,0.0,0.0
