selector,budget_k,protocol,order_seed,lr,update_step,raw_step,loss,grad_norm
causal_routed,1,natural,11,1e-05,1,8,3.8699753284454346,1.1810028553009033
causal_routed,1,natural,11,1e-05,2,16,10.444191932678223,1.3074733018875122
causal_routed,1,natural,11,1e-05,3,24,2.05845308303833,0.9876371026039124
causal_routed,1,natural,11,1e-05,4,32,2.6780335903167725,1.0876753330230713
causal_routed,1,natural,11,1e-05,5,40,3.362910270690918,0.8466030359268188
causal_routed,1,natural,11,1e-05,6,48,8.789874076843262,1.126470685005188
causal_routed,1,natural,11,1e-05,7,56,3.8699536323547363,0.9500759243965149
causal_routed,1,natural,11,1e-05,8,64,6.427772521972656,0.8008047342300415
causal_routed,1,natural,11,1e-05,9,72,4.088260650634766,1.227500557899475
causal_routed,1,natural,11,1e-05,10,80,6.0061235427856445,1.1384317874908447
causal_routed,1,natural,11,1e-05,11,88,3.2244482040405273,1.2244129180908203
causal_routed,1,natural,11,1e-05,12,96,2.6908183097839355,0.9568269848823547
causal_routed,1,natural,11,1e-05,13,104,9.25534725189209,1.2595176696777344
causal_routed,1,natural,11,1e-05,14,112,4.600919246673584,0.8940011262893677
causal_routed,1,natural,11,1e-05,15,120,2.0194172859191895,0.9952943921089172
causal_routed,1,natural,11,1e-05,16,128,2.7752513885498047,1.1824748516082764
causal_routed,1,natural,11,1e-05,17,136,2.597198963165283,1.1501965522766113
causal_routed,1,natural,11,1e-05,18,144,3.3638529777526855,0.9038179516792297
causal_routed,1,natural,11,1e-05,19,150,4.604025840759277,0.7483097910881042
routing_routed,1,natural,11,1e-05,1,8,3.8699753284454346,10.290284156799316
routing_routed,1,natural,11,1e-05,2,16,10.56840991973877,10.424704551696777
routing_routed,1,natural,11,1e-05,3,24,1.9585258960723877,8.689351081848145
routing_routed,1,natural,11,1e-05,4,32,2.62475848197937,7.7709856033325195
routing_routed,1,natural,11,1e-05,5,40,3.269550085067749,9.248610496520996
routing_routed,1,natural,11,1e-05,6,48,8.581907272338867,9.44216537475586
routing_routed,1,natural,11,1e-05,7,56,3.6129379272460938,7.954782009124756
routing_routed,1,natural,11,1e-05,8,64,5.920068264007568,6.669472694396973
routing_routed,1,natural,11,1e-05,9,72,3.6732876300811768,10.22579574584961
routing_routed,1,natural,11,1e-05,10,80,5.522894859313965,7.968598365783691
routing_routed,1,natural,11,1e-05,11,88,2.7690532207489014,10.415102005004883
routing_routed,1,natural,11,1e-05,12,96,2.254420757293701,7.814785957336426
routing_routed,1,natural,11,1e-05,13,104,8.017770767211914,10.319255828857422
routing_routed,1,natural,11,1e-05,14,112,3.5267174243927,7.496281623840332
routing_routed,1,natural,11,1e-05,15,120,1.8651658296585083,8.734381675720215
routing_routed,1,natural,11,1e-05,16,128,1.8823150396347046,8.416813850402832
routing_routed,1,natural,11,1e-05,17,136,2.3493294715881348,8.637856483459473
routing_routed,1,natural,11,1e-05,18,144,2.8661396503448486,6.276803016662598
routing_routed,1,natural,11,1e-05,19,150,3.4226863384246826,6.633462905883789
hybrid_causal_exposure,1,natural,11,1e-05,1,8,3.8699753284454346,1.1810028553009033
hybrid_causal_exposure,1,natural,11,1e-05,2,16,10.444191932678223,1.3074733018875122
hybrid_causal_exposure,1,natural,11,1e-05,3,24,2.05845308303833,0.9876371026039124
hybrid_causal_exposure,1,natural,11,1e-05,4,32,2.6780335903167725,1.0876753330230713
hybrid_causal_exposure,1,natural,11,1e-05,5,40,3.362910270690918,0.8466030359268188
hybrid_causal_exposure,1,natural,11,1e-05,6,48,8.789874076843262,1.126470685005188
hybrid_causal_exposure,1,natural,11,1e-05,7,56,3.8699536323547363,0.9500759243965149
hybrid_causal_exposure,1,natural,11,1e-05,8,64,6.427772521972656,0.8008047342300415
hybrid_causal_exposure,1,natural,11,1e-05,9,72,4.088260650634766,1.227500557899475
hybrid_causal_exposure,1,natural,11,1e-05,10,80,6.0061235427856445,1.1384317874908447
hybrid_causal_exposure,1,natural,11,1e-05,11,88,3.2244482040405273,1.2244129180908203
hybrid_causal_exposure,1,natural,11,1e-05,12,96,2.6908183097839355,0.9568269848823547
hybrid_causal_exposure,1,natural,11,1e-05,13,104,9.25534725189209,1.2595176696777344
hybrid_causal_exposure,1,natural,11,1e-05,14,112,4.600919246673584,0.8940011262893677
hybrid_causal_exposure,1,natural,11,1e-05,15,120,2.0194172859191895,0.9952943921089172
hybrid_causal_exposure,1,natural,11,1e-05,16,128,2.7752513885498047,1.1824748516082764
hybrid_causal_exposure,1,natural,11,1e-05,17,136,2.597198963165283,1.1501965522766113
hybrid_causal_exposure,1,natural,11,1e-05,18,144,3.3638529777526855,0.9038179516792297
hybrid_causal_exposure,1,natural,11,1e-05,19,150,4.604025840759277,0.7483097910881042
gradient_routed,1,natural,11,1e-05,1,8,3.8699753284454346,12.362659454345703
gradient_routed,1,natural,11,1e-05,2,16,10.443495750427246,12.608758926391602
gradient_routed,1,natural,11,1e-05,3,24,1.983891487121582,9.83784008026123
gradient_routed,1,natural,11,1e-05,4,32,2.627357006072998,9.779684066772461
gradient_routed,1,natural,11,1e-05,5,40,3.301154375076294,11.610455513000488
gradient_routed,1,natural,11,1e-05,6,48,8.644214630126953,11.418777465820312
gradient_routed,1,natural,11,1e-05,7,56,3.4394969940185547,10.897675514221191
gradient_routed,1,natural,11,1e-05,8,64,5.89902925491333,8.75390338897705
gradient_routed,1,natural,11,1e-05,9,72,3.6709883213043213,12.685044288635254
gradient_routed,1,natural,11,1e-05,10,80,5.575239181518555,11.061040878295898
gradient_routed,1,natural,11,1e-05,11,88,2.764054298400879,12.776764869689941
gradient_routed,1,natural,11,1e-05,12,96,2.191382646560669,10.531824111938477
gradient_routed,1,natural,11,1e-05,13,104,7.824297904968262,13.538450241088867
gradient_routed,1,natural,11,1e-05,14,112,2.8626277446746826,10.126036643981934
gradient_routed,1,natural,11,1e-05,15,120,1.8000755310058594,12.131939888000488
gradient_routed,1,natural,11,1e-05,16,128,1.6864570379257202,11.587308883666992
gradient_routed,1,natural,11,1e-05,17,136,2.336251735687256,12.420180320739746
gradient_routed,1,natural,11,1e-05,18,144,2.8252720832824707,8.925463676452637
gradient_routed,1,natural,11,1e-05,19,150,3.3676977157592773,9.176231384277344
causal_shared,1,always_active_shared,11,1e-05,1,8,3.8699753284454346,11.670354843139648
causal_shared,1,always_active_shared,11,1e-05,2,16,10.444170951843262,12.633468627929688
causal_shared,1,always_active_shared,11,1e-05,3,24,1.9837830066680908,10.297128677368164
causal_shared,1,always_active_shared,11,1e-05,4,32,2.642564058303833,11.068619728088379
causal_shared,1,always_active_shared,11,1e-05,5,40,3.2724239826202393,11.544835090637207
causal_shared,1,always_active_shared,11,1e-05,6,48,8.602564811706543,11.081823348999023
causal_shared,1,always_active_shared,11,1e-05,7,56,3.6247313022613525,10.014554977416992
causal_shared,1,always_active_shared,11,1e-05,8,64,6.1086554527282715,9.02455997467041
causal_shared,1,always_active_shared,11,1e-05,9,72,3.7139198780059814,11.372237205505371
causal_shared,1,always_active_shared,11,1e-05,10,80,5.574182033538818,11.909263610839844
causal_shared,1,always_active_shared,11,1e-05,11,88,2.7742574214935303,12.746878623962402
causal_shared,1,always_active_shared,11,1e-05,12,96,2.3796708583831787,10.097429275512695
causal_shared,1,always_active_shared,11,1e-05,13,104,8.445903778076172,12.8981294631958
causal_shared,1,always_active_shared,11,1e-05,14,112,4.116177558898926,10.128841400146484
causal_shared,1,always_active_shared,11,1e-05,15,120,1.8094671964645386,10.918779373168945
causal_shared,1,always_active_shared,11,1e-05,16,128,2.44903564453125,10.858561515808105
causal_shared,1,always_active_shared,11,1e-05,17,136,2.259706497192383,11.422812461853027
causal_shared,1,always_active_shared,11,1e-05,18,144,2.9629852771759033,9.427704811096191
causal_shared,1,always_active_shared,11,1e-05,19,150,3.773540496826172,8.855450630187988
causal_routed,1,natural,23,1e-05,1,8,4.627234935760498,1.0439472198486328
causal_routed,1,natural,23,1e-05,2,16,6.469461917877197,1.1195586919784546
causal_routed,1,natural,23,1e-05,3,24,4.2906060218811035,1.066962480545044
causal_routed,1,natural,23,1e-05,4,32,2.481551170349121,0.9800030589103699
causal_routed,1,natural,23,1e-05,5,40,6.037627696990967,0.9226594567298889
causal_routed,1,natural,23,1e-05,6,48,4.088216304779053,1.17255437374115
causal_routed,1,natural,23,1e-05,7,56,6.420902729034424,1.196454405784607
causal_routed,1,natural,23,1e-05,8,64,3.9357569217681885,1.0573928356170654
causal_routed,1,natural,23,1e-05,9,72,4.088219165802002,1.221025824546814
causal_routed,1,natural,23,1e-05,10,80,4.023993968963623,1.0605814456939697
causal_routed,1,natural,23,1e-05,11,88,4.623368740081787,1.1981909275054932
causal_routed,1,natural,23,1e-05,12,96,2.7755415439605713,0.9281972050666809
causal_routed,1,natural,23,1e-05,13,104,2.5701467990875244,0.9189893007278442
causal_routed,1,natural,23,1e-05,14,112,4.119417190551758,1.0724860429763794
causal_routed,1,natural,23,1e-05,15,120,3.6718332767486572,1.2292814254760742
causal_routed,1,natural,23,1e-05,16,128,1.8778676986694336,1.01652991771698
causal_routed,1,natural,23,1e-05,17,136,2.4354093074798584,0.9121413826942444
causal_routed,1,natural,23,1e-05,18,144,3.835047721862793,1.222047209739685
causal_routed,1,natural,23,1e-05,19,150,4.590026378631592,0.7427089810371399
routing_routed,1,natural,23,1e-05,1,8,4.627234935760498,8.548539161682129
routing_routed,1,natural,23,1e-05,2,16,6.334527969360352,11.179617881774902
routing_routed,1,natural,23,1e-05,3,24,4.293557643890381,7.595672607421875
routing_routed,1,natural,23,1e-05,4,32,2.599163770675659,9.20036506652832
routing_routed,1,natural,23,1e-05,5,40,5.916450023651123,7.08624792098999
routing_routed,1,natural,23,1e-05,6,48,3.92199969291687,11.01860237121582
routing_routed,1,natural,23,1e-05,7,56,6.121517658233643,8.30477523803711
routing_routed,1,natural,23,1e-05,8,64,3.7675068378448486,8.433991432189941
routing_routed,1,natural,23,1e-05,9,72,3.6733837127685547,9.80618667602539
routing_routed,1,natural,23,1e-05,10,80,3.6916158199310303,8.285544395446777
routing_routed,1,natural,23,1e-05,11,88,3.9203097820281982,9.546690940856934
routing_routed,1,natural,23,1e-05,12,96,2.238126754760742,6.95440149307251
routing_routed,1,natural,23,1e-05,13,104,2.4599177837371826,8.222832679748535
routing_routed,1,natural,23,1e-05,14,112,3.4536712169647217,10.79703140258789
routing_routed,1,natural,23,1e-05,15,120,2.9682188034057617,9.612988471984863
routing_routed,1,natural,23,1e-05,16,128,1.6693533658981323,8.474841117858887
routing_routed,1,natural,23,1e-05,17,136,1.552297592163086,6.730321884155273
routing_routed,1,natural,23,1e-05,18,144,3.377368211746216,8.470417022705078
routing_routed,1,natural,23,1e-05,19,150,3.4284117221832275,5.616723537445068
hybrid_causal_exposure,1,natural,23,1e-05,1,8,4.627234935760498,1.0439472198486328
hybrid_causal_exposure,1,natural,23,1e-05,2,16,6.469461917877197,1.1195586919784546
hybrid_causal_exposure,1,natural,23,1e-05,3,24,4.2906060218811035,1.066962480545044
hybrid_causal_exposure,1,natural,23,1e-05,4,32,2.481551170349121,0.9800030589103699
hybrid_causal_exposure,1,natural,23,1e-05,5,40,6.037627696990967,0.9226594567298889
hybrid_causal_exposure,1,natural,23,1e-05,6,48,4.088216304779053,1.17255437374115
hybrid_causal_exposure,1,natural,23,1e-05,7,56,6.420902729034424,1.196454405784607
hybrid_causal_exposure,1,natural,23,1e-05,8,64,3.9357569217681885,1.0573928356170654
hybrid_causal_exposure,1,natural,23,1e-05,9,72,4.088219165802002,1.221025824546814
hybrid_causal_exposure,1,natural,23,1e-05,10,80,4.023993968963623,1.0605814456939697
hybrid_causal_exposure,1,natural,23,1e-05,11,88,4.623368740081787,1.1981909275054932
hybrid_causal_exposure,1,natural,23,1e-05,12,96,2.7755415439605713,0.9281972050666809
hybrid_causal_exposure,1,natural,23,1e-05,13,104,2.5701467990875244,0.9189893007278442
hybrid_causal_exposure,1,natural,23,1e-05,14,112,4.119417190551758,1.0724860429763794
hybrid_causal_exposure,1,natural,23,1e-05,15,120,3.6718332767486572,1.2292814254760742
hybrid_causal_exposure,1,natural,23,1e-05,16,128,1.8778676986694336,1.01652991771698
hybrid_causal_exposure,1,natural,23,1e-05,17,136,2.4354093074798584,0.9121413826942444
hybrid_causal_exposure,1,natural,23,1e-05,18,144,3.835047721862793,1.222047209739685
hybrid_causal_exposure,1,natural,23,1e-05,19,150,4.590026378631592,0.7427089810371399
gradient_routed,1,natural,23,1e-05,1,8,4.627234935760498,8.648530960083008
gradient_routed,1,natural,23,1e-05,2,16,6.33819055557251,15.466750144958496
gradient_routed,1,natural,23,1e-05,3,24,4.348598480224609,9.378076553344727
gradient_routed,1,natural,23,1e-05,4,32,2.4627609252929688,9.600823402404785
gradient_routed,1,natural,23,1e-05,5,40,5.80797004699707,8.935215950012207
gradient_routed,1,natural,23,1e-05,6,48,4.005141735076904,13.964261054992676
gradient_routed,1,natural,23,1e-05,7,56,6.260488986968994,11.232793807983398
gradient_routed,1,natural,23,1e-05,8,64,3.770040273666382,10.550309181213379
gradient_routed,1,natural,23,1e-05,9,72,3.6719377040863037,13.29450511932373
gradient_routed,1,natural,23,1e-05,10,80,3.483224630355835,11.662357330322266
gradient_routed,1,natural,23,1e-05,11,88,4.047495365142822,11.645920753479004
gradient_routed,1,natural,23,1e-05,12,96,2.0602362155914307,8.628332138061523
gradient_routed,1,natural,23,1e-05,13,104,2.2560088634490967,12.015497207641602
gradient_routed,1,natural,23,1e-05,14,112,3.0469658374786377,14.44983196258545
gradient_routed,1,natural,23,1e-05,15,120,2.633939743041992,12.644251823425293
gradient_routed,1,natural,23,1e-05,16,128,1.6349371671676636,11.610939979553223
gradient_routed,1,natural,23,1e-05,17,136,1.6577438116073608,8.657451629638672
gradient_routed,1,natural,23,1e-05,18,144,2.960207939147949,12.172102928161621
gradient_routed,1,natural,23,1e-05,19,150,3.0089921951293945,7.8997883796691895
causal_shared,1,always_active_shared,23,1e-05,1,8,4.627234935760498,10.614495277404785
causal_shared,1,always_active_shared,23,1e-05,2,16,6.427684307098389,10.830965995788574
causal_shared,1,always_active_shared,23,1e-05,3,24,4.253118991851807,11.564199447631836
causal_shared,1,always_active_shared,23,1e-05,4,32,2.4243814945220947,11.992738723754883
causal_shared,1,always_active_shared,23,1e-05,5,40,5.914548873901367,10.00440502166748
causal_shared,1,always_active_shared,23,1e-05,6,48,3.839534044265747,11.248698234558105
causal_shared,1,always_active_shared,23,1e-05,7,56,6.248992443084717,12.31116008758545
causal_shared,1,always_active_shared,23,1e-05,8,64,3.687354803085327,11.012761116027832
causal_shared,1,always_active_shared,23,1e-05,9,72,3.673682451248169,11.214984893798828
causal_shared,1,always_active_shared,23,1e-05,10,80,3.6502695083618164,10.97029972076416
causal_shared,1,always_active_shared,23,1e-05,11,88,4.068191051483154,12.357706069946289
causal_shared,1,always_active_shared,23,1e-05,12,96,2.5458128452301025,9.037150382995605
causal_shared,1,always_active_shared,23,1e-05,13,104,2.4482808113098145,10.728436470031738
causal_shared,1,always_active_shared,23,1e-05,14,112,3.504619598388672,11.854565620422363
causal_shared,1,always_active_shared,23,1e-05,15,120,3.007326126098633,11.321418762207031
causal_shared,1,always_active_shared,23,1e-05,16,128,1.564456820487976,10.281567573547363
causal_shared,1,always_active_shared,23,1e-05,17,136,1.7078871726989746,10.617302894592285
causal_shared,1,always_active_shared,23,1e-05,18,144,3.3361175060272217,11.907045364379883
causal_shared,1,always_active_shared,23,1e-05,19,150,3.679075241088867,7.730147361755371
causal_routed,1,natural,47,1e-05,1,8,2.4546127319335938,1.1414538621902466
causal_routed,1,natural,47,1e-05,2,16,10.444210052490234,0.9767478108406067
causal_routed,1,natural,47,1e-05,3,24,2.243426561355591,0.9270558953285217
causal_routed,1,natural,47,1e-05,4,32,3.876703977584839,1.2623662948608398
causal_routed,1,natural,47,1e-05,5,40,8.789941787719727,1.2635587453842163
causal_routed,1,natural,47,1e-05,6,48,2.576296806335449,0.9291363954544067
causal_routed,1,natural,47,1e-05,7,56,8.245280265808105,1.3023163080215454
causal_routed,1,natural,47,1e-05,8,64,3.977036714553833,1.0366357564926147
causal_routed,1,natural,47,1e-05,9,72,8.78986930847168,0.9770808219909668
causal_routed,1,natural,47,1e-05,10,80,4.590053081512451,0.9957823157310486
causal_routed,1,natural,47,1e-05,11,88,8.850414276123047,0.8445890545845032
causal_routed,1,natural,47,1e-05,12,96,3.6718013286590576,1.0543084144592285
causal_routed,1,natural,47,1e-05,13,104,2.5971131324768066,1.05692720413208
causal_routed,1,natural,47,1e-05,14,112,2.775067090988159,0.9105717539787292
causal_routed,1,natural,47,1e-05,15,120,3.349926233291626,1.2335718870162964
causal_routed,1,natural,47,1e-05,16,128,2.0283007621765137,0.8734853267669678
causal_routed,1,natural,47,1e-05,17,136,4.065605640411377,1.0490479469299316
causal_routed,1,natural,47,1e-05,18,144,5.971134662628174,1.2273797988891602
causal_routed,1,natural,47,1e-05,19,150,8.850443840026855,0.8912215828895569
routing_routed,1,natural,47,1e-05,1,8,2.4546127319335938,8.746966361999512
routing_routed,1,natural,47,1e-05,2,16,10.630226135253906,8.987979888916016
routing_routed,1,natural,47,1e-05,3,24,2.2299463748931885,9.237439155578613
routing_routed,1,natural,47,1e-05,4,32,3.835005521774292,9.943306922912598
routing_routed,1,natural,47,1e-05,5,40,8.664861679077148,10.706573486328125
routing_routed,1,natural,47,1e-05,6,48,2.498619318008423,7.862063884735107
routing_routed,1,natural,47,1e-05,7,56,7.931796550750732,9.962413787841797
routing_routed,1,natural,47,1e-05,8,64,3.7697765827178955,7.864210605621338
routing_routed,1,natural,47,1e-05,9,72,8.269539833068848,8.257558822631836
routing_routed,1,natural,47,1e-05,10,80,3.968658447265625,8.113767623901367
routing_routed,1,natural,47,1e-05,11,88,8.022018432617188,7.3275065422058105
routing_routed,1,natural,47,1e-05,12,96,3.2168452739715576,7.709911346435547
routing_routed,1,natural,47,1e-05,13,104,2.4142568111419678,9.296466827392578
routing_routed,1,natural,47,1e-05,14,112,2.112454652786255,7.689577579498291
routing_routed,1,natural,47,1e-05,15,120,3.0017430782318115,9.008623123168945
routing_routed,1,natural,47,1e-05,16,128,1.8544646501541138,6.7415452003479
routing_routed,1,natural,47,1e-05,17,136,3.3284733295440674,9.29024600982666
routing_routed,1,natural,47,1e-05,18,144,5.256021976470947,9.151732444763184
routing_routed,1,natural,47,1e-05,19,150,7.028377532958984,7.12595796585083
hybrid_causal_exposure,1,natural,47,1e-05,1,8,2.4546127319335938,1.1414538621902466
hybrid_causal_exposure,1,natural,47,1e-05,2,16,10.444210052490234,0.9767478108406067
hybrid_causal_exposure,1,natural,47,1e-05,3,24,2.243426561355591,0.9270558953285217
hybrid_causal_exposure,1,natural,47,1e-05,4,32,3.876703977584839,1.2623662948608398
hybrid_causal_exposure,1,natural,47,1e-05,5,40,8.789941787719727,1.2635587453842163
hybrid_causal_exposure,1,natural,47,1e-05,6,48,2.576296806335449,0.9291363954544067
hybrid_causal_exposure,1,natural,47,1e-05,7,56,8.245280265808105,1.3023163080215454
hybrid_causal_exposure,1,natural,47,1e-05,8,64,3.977036714553833,1.0366357564926147
hybrid_causal_exposure,1,natural,47,1e-05,9,72,8.78986930847168,0.9770808219909668
hybrid_causal_exposure,1,natural,47,1e-05,10,80,4.590053081512451,0.9957823157310486
hybrid_causal_exposure,1,natural,47,1e-05,11,88,8.850414276123047,0.8445890545845032
hybrid_causal_exposure,1,natural,47,1e-05,12,96,3.6718013286590576,1.0543084144592285
hybrid_causal_exposure,1,natural,47,1e-05,13,104,2.5971131324768066,1.05692720413208
hybrid_causal_exposure,1,natural,47,1e-05,14,112,2.775067090988159,0.9105717539787292
hybrid_causal_exposure,1,natural,47,1e-05,15,120,3.349926233291626,1.2335718870162964
hybrid_causal_exposure,1,natural,47,1e-05,16,128,2.0283007621765137,0.8734853267669678
hybrid_causal_exposure,1,natural,47,1e-05,17,136,4.065605640411377,1.0490479469299316
hybrid_causal_exposure,1,natural,47,1e-05,18,144,5.971134662628174,1.2273797988891602
hybrid_causal_exposure,1,natural,47,1e-05,19,150,8.850443840026855,0.8912215828895569
gradient_routed,1,natural,47,1e-05,1,8,2.4546127319335938,9.600411415100098
gradient_routed,1,natural,47,1e-05,2,16,10.44267749786377,10.72909927368164
gradient_routed,1,natural,47,1e-05,3,24,2.3315250873565674,12.226324081420898
gradient_routed,1,natural,47,1e-05,4,32,3.834857702255249,11.420506477355957
gradient_routed,1,natural,47,1e-05,5,40,8.539957046508789,13.026618957519531
gradient_routed,1,natural,47,1e-05,6,48,2.498802661895752,10.143598556518555
gradient_routed,1,natural,47,1e-05,7,56,7.921572208404541,11.839920997619629
gradient_routed,1,natural,47,1e-05,8,64,3.731860399246216,10.554640769958496
gradient_routed,1,natural,47,1e-05,9,72,8.082237243652344,9.869632720947266
gradient_routed,1,natural,47,1e-05,10,80,3.9243812561035156,10.722232818603516
gradient_routed,1,natural,47,1e-05,11,88,7.6648268699646,9.720099449157715
gradient_routed,1,natural,47,1e-05,12,96,2.75627064704895,9.379919052124023
gradient_routed,1,natural,47,1e-05,13,104,2.482128858566284,13.925222396850586
gradient_routed,1,natural,47,1e-05,14,112,1.8126063346862793,9.525233268737793
gradient_routed,1,natural,47,1e-05,15,120,2.7357866764068604,12.290976524353027
gradient_routed,1,natural,47,1e-05,16,128,1.7494523525238037,10.796875
gradient_routed,1,natural,47,1e-05,17,136,2.9445879459381104,12.654302597045898
gradient_routed,1,natural,47,1e-05,18,144,5.243524551391602,12.690692901611328
gradient_routed,1,natural,47,1e-05,19,150,6.347332000732422,10.232744216918945
causal_shared,1,always_active_shared,47,1e-05,1,8,2.4546127319335938,11.819972038269043
causal_shared,1,always_active_shared,47,1e-05,2,16,10.444167137145996,10.668606758117676
causal_shared,1,always_active_shared,47,1e-05,3,24,2.164804697036743,11.41394329071045
causal_shared,1,always_active_shared,47,1e-05,4,32,3.835047721862793,12.128536224365234
causal_shared,1,always_active_shared,47,1e-05,5,40,8.602540969848633,11.812893867492676
causal_shared,1,always_active_shared,47,1e-05,6,48,2.5372838973999023,9.431859016418457
causal_shared,1,always_active_shared,47,1e-05,7,56,7.760030746459961,12.99832820892334
causal_shared,1,always_active_shared,47,1e-05,8,64,3.770318031311035,11.245776176452637
causal_shared,1,always_active_shared,47,1e-05,9,72,8.228323936462402,10.311616897583008
causal_shared,1,always_active_shared,47,1e-05,10,80,4.174738883972168,9.181424140930176
causal_shared,1,always_active_shared,47,1e-05,11,88,8.153070449829102,9.617681503295898
causal_shared,1,always_active_shared,47,1e-05,12,96,3.0905656814575195,11.177824020385742
causal_shared,1,always_active_shared,47,1e-05,13,104,2.310091495513916,10.718915939331055
causal_shared,1,always_active_shared,47,1e-05,14,112,2.544673442840576,9.323846817016602
causal_shared,1,always_active_shared,47,1e-05,15,120,2.4928719997406006,13.562954902648926
causal_shared,1,always_active_shared,47,1e-05,16,128,1.7916452884674072,9.267823219299316
causal_shared,1,always_active_shared,47,1e-05,17,136,3.317255973815918,11.08311653137207
causal_shared,1,always_active_shared,47,1e-05,18,144,5.359480857849121,11.899102210998535
causal_shared,1,always_active_shared,47,1e-05,19,150,7.595935821533203,9.135900497436523
causal_routed,1,forced_lowest_slot,11,1e-05,1,8,3.7369627952575684,2.0556817054748535
causal_routed,1,forced_lowest_slot,11,1e-05,2,16,10.381672859191895,2.412776470184326
causal_routed,1,forced_lowest_slot,11,1e-05,3,24,1.986140489578247,1.6950557231903076
causal_routed,1,forced_lowest_slot,11,1e-05,4,32,2.7127134799957275,1.908415675163269
causal_routed,1,forced_lowest_slot,11,1e-05,5,40,3.3329930305480957,1.8606239557266235
causal_routed,1,forced_lowest_slot,11,1e-05,6,48,8.602471351623535,2.0074470043182373
causal_routed,1,forced_lowest_slot,11,1e-05,7,56,3.7369682788848877,1.7666511535644531
causal_routed,1,forced_lowest_slot,11,1e-05,8,64,6.330991268157959,1.4578030109405518
causal_routed,1,forced_lowest_slot,11,1e-05,9,72,4.004751682281494,2.1265430450439453
causal_routed,1,forced_lowest_slot,11,1e-05,10,80,5.860833168029785,2.0289013385772705
causal_routed,1,forced_lowest_slot,11,1e-05,11,88,3.100466012954712,2.42689847946167
causal_routed,1,forced_lowest_slot,11,1e-05,12,96,2.690838098526001,1.8558789491653442
causal_routed,1,forced_lowest_slot,11,1e-05,13,104,9.067940711975098,2.283322334289551
causal_routed,1,forced_lowest_slot,11,1e-05,14,112,4.55906867980957,1.720353603363037
causal_routed,1,forced_lowest_slot,11,1e-05,15,120,1.9660567045211792,2.1372416019439697
causal_routed,1,forced_lowest_slot,11,1e-05,16,128,2.609182596206665,2.3113324642181396
causal_routed,1,forced_lowest_slot,11,1e-05,17,136,2.592376232147217,2.001749277114868
causal_routed,1,forced_lowest_slot,11,1e-05,18,144,3.3008477687835693,1.4238367080688477
causal_routed,1,forced_lowest_slot,11,1e-05,19,150,4.603244304656982,1.569602131843567
routing_routed,1,forced_lowest_slot,11,1e-05,1,8,3.808192491531372,10.3147611618042
routing_routed,1,forced_lowest_slot,11,1e-05,2,16,10.2558012008667,10.300806045532227
routing_routed,1,forced_lowest_slot,11,1e-05,3,24,1.9837461709976196,8.801188468933105
routing_routed,1,forced_lowest_slot,11,1e-05,4,32,2.806323528289795,7.785351276397705
routing_routed,1,forced_lowest_slot,11,1e-05,5,40,3.2684478759765625,9.287528991699219
routing_routed,1,forced_lowest_slot,11,1e-05,6,48,8.602429389953613,9.665068626403809
routing_routed,1,forced_lowest_slot,11,1e-05,7,56,3.5507006645202637,8.010519027709961
routing_routed,1,forced_lowest_slot,11,1e-05,8,64,5.919976711273193,6.656967639923096
routing_routed,1,forced_lowest_slot,11,1e-05,9,72,3.6732378005981445,10.383705139160156
routing_routed,1,forced_lowest_slot,11,1e-05,10,80,5.412874698638916,8.057229042053223
routing_routed,1,forced_lowest_slot,11,1e-05,11,88,2.767993927001953,10.541681289672852
routing_routed,1,forced_lowest_slot,11,1e-05,12,96,2.2548487186431885,7.801059722900391
routing_routed,1,forced_lowest_slot,11,1e-05,13,104,8.137022018432617,10.495748519897461
routing_routed,1,forced_lowest_slot,11,1e-05,14,112,3.4821367263793945,7.578396797180176
routing_routed,1,forced_lowest_slot,11,1e-05,15,120,1.8660496473312378,8.73656177520752
routing_routed,1,forced_lowest_slot,11,1e-05,16,128,2.0442464351654053,8.494181632995605
routing_routed,1,forced_lowest_slot,11,1e-05,17,136,2.322099447250366,8.6860990524292
routing_routed,1,forced_lowest_slot,11,1e-05,18,144,2.8961966037750244,6.390365123748779
routing_routed,1,forced_lowest_slot,11,1e-05,19,150,3.4874117374420166,6.618312835693359
causal_routed,1,forced_lowest_slot,23,1e-05,1,8,4.625302314758301,1.967520833015442
causal_routed,1,forced_lowest_slot,23,1e-05,2,16,6.38441801071167,1.9821937084197998
causal_routed,1,forced_lowest_slot,23,1e-05,3,24,4.227015018463135,1.8403342962265015
causal_routed,1,forced_lowest_slot,23,1e-05,4,32,2.545161247253418,1.9440972805023193
causal_routed,1,forced_lowest_slot,23,1e-05,5,40,5.948943614959717,1.5146276950836182
causal_routed,1,forced_lowest_slot,23,1e-05,6,48,4.0456976890563965,2.318124771118164
causal_routed,1,forced_lowest_slot,23,1e-05,7,56,6.335362911224365,1.9970283508300781
causal_routed,1,forced_lowest_slot,23,1e-05,8,64,3.935380697250366,1.8024859428405762
causal_routed,1,forced_lowest_slot,23,1e-05,9,72,3.921720504760742,2.275865077972412
causal_routed,1,forced_lowest_slot,23,1e-05,10,80,4.056544780731201,1.8112421035766602
causal_routed,1,forced_lowest_slot,23,1e-05,11,88,4.644862651824951,2.2056989669799805
causal_routed,1,forced_lowest_slot,23,1e-05,12,96,2.651165008544922,1.854604721069336
causal_routed,1,forced_lowest_slot,23,1e-05,13,104,2.537499189376831,1.7175005674362183
causal_routed,1,forced_lowest_slot,23,1e-05,14,112,4.0704522132873535,2.263594150543213
causal_routed,1,forced_lowest_slot,23,1e-05,15,120,3.505121946334839,2.2898244857788086
causal_routed,1,forced_lowest_slot,23,1e-05,16,128,1.829480528831482,2.1536879539489746
causal_routed,1,forced_lowest_slot,23,1e-05,17,136,2.2744452953338623,1.8371320962905884
causal_routed,1,forced_lowest_slot,23,1e-05,18,144,3.752004384994507,2.1055386066436768
causal_routed,1,forced_lowest_slot,23,1e-05,19,150,4.466037273406982,1.2111152410507202
routing_routed,1,forced_lowest_slot,23,1e-05,1,8,4.666358470916748,8.578317642211914
routing_routed,1,forced_lowest_slot,23,1e-05,2,16,6.342957973480225,11.270820617675781
routing_routed,1,forced_lowest_slot,23,1e-05,3,24,4.2642083168029785,7.6874165534973145
routing_routed,1,forced_lowest_slot,23,1e-05,4,32,2.5437076091766357,9.173201560974121
routing_routed,1,forced_lowest_slot,23,1e-05,5,40,5.852814197540283,7.2238240242004395
routing_routed,1,forced_lowest_slot,23,1e-05,6,48,3.922837018966675,10.977130889892578
routing_routed,1,forced_lowest_slot,23,1e-05,7,56,6.0865044593811035,8.419944763183594
routing_routed,1,forced_lowest_slot,23,1e-05,8,64,3.7302138805389404,8.477109909057617
routing_routed,1,forced_lowest_slot,23,1e-05,9,72,3.6733741760253906,9.808870315551758
routing_routed,1,forced_lowest_slot,23,1e-05,10,80,3.6603031158447266,8.313898086547852
routing_routed,1,forced_lowest_slot,23,1e-05,11,88,3.9021644592285156,9.580312728881836
routing_routed,1,forced_lowest_slot,23,1e-05,12,96,2.3194642066955566,7.005192756652832
routing_routed,1,forced_lowest_slot,23,1e-05,13,104,2.3860526084899902,8.127107620239258
routing_routed,1,forced_lowest_slot,23,1e-05,14,112,3.379875898361206,10.852164268493652
routing_routed,1,forced_lowest_slot,23,1e-05,15,120,3.0488884449005127,9.770956993103027
routing_routed,1,forced_lowest_slot,23,1e-05,16,128,1.6403796672821045,8.4469575881958
routing_routed,1,forced_lowest_slot,23,1e-05,17,136,1.5537201166152954,6.774040222167969
routing_routed,1,forced_lowest_slot,23,1e-05,18,144,3.2112462520599365,8.484017372131348
routing_routed,1,forced_lowest_slot,23,1e-05,19,150,3.430400848388672,5.649156093597412
causal_routed,1,forced_lowest_slot,47,1e-05,1,8,2.4536287784576416,1.7581584453582764
causal_routed,1,forced_lowest_slot,47,1e-05,2,16,10.443413734436035,1.743667483329773
causal_routed,1,forced_lowest_slot,47,1e-05,3,24,2.216876983642578,1.8477033376693726
causal_routed,1,forced_lowest_slot,47,1e-05,4,32,3.918436288833618,2.2653825283050537
causal_routed,1,forced_lowest_slot,47,1e-05,5,40,8.665060043334961,2.42037034034729
causal_routed,1,forced_lowest_slot,47,1e-05,6,48,2.5580332279205322,1.7298096418380737
causal_routed,1,forced_lowest_slot,47,1e-05,7,56,8.122756004333496,2.207859992980957
causal_routed,1,forced_lowest_slot,47,1e-05,8,64,3.9338300228118896,1.857519268989563
causal_routed,1,forced_lowest_slot,47,1e-05,9,72,8.581905364990234,1.836037278175354
causal_routed,1,forced_lowest_slot,47,1e-05,10,80,4.590037822723389,1.7760950326919556
causal_routed,1,forced_lowest_slot,47,1e-05,11,88,8.475716590881348,1.707441806793213
causal_routed,1,forced_lowest_slot,47,1e-05,12,96,3.5468361377716064,1.9358339309692383
causal_routed,1,forced_lowest_slot,47,1e-05,13,104,2.632174015045166,2.071777582168579
causal_routed,1,forced_lowest_slot,47,1e-05,14,112,2.6509838104248047,1.9297263622283936
causal_routed,1,forced_lowest_slot,47,1e-05,15,120,3.2664527893066406,2.239004373550415
causal_routed,1,forced_lowest_slot,47,1e-05,16,128,1.957487940788269,1.5033117532730103
causal_routed,1,forced_lowest_slot,47,1e-05,17,136,3.98154616355896,2.0631473064422607
causal_routed,1,forced_lowest_slot,47,1e-05,18,144,5.851705551147461,2.201817750930786
causal_routed,1,forced_lowest_slot,47,1e-05,19,150,8.350738525390625,1.864165186882019
routing_routed,1,forced_lowest_slot,47,1e-05,1,8,2.499272108078003,8.737974166870117
routing_routed,1,forced_lowest_slot,47,1e-05,2,16,10.380780220031738,8.93391227722168
routing_routed,1,forced_lowest_slot,47,1e-05,3,24,2.202291250228882,9.13540267944336
routing_routed,1,forced_lowest_slot,47,1e-05,4,32,3.7104241847991943,9.858993530273438
routing_routed,1,forced_lowest_slot,47,1e-05,5,40,8.602761268615723,10.75072956085205
routing_routed,1,forced_lowest_slot,47,1e-05,6,48,2.4751992225646973,8.087510108947754
routing_routed,1,forced_lowest_slot,47,1e-05,7,56,7.933690071105957,10.089025497436523
routing_routed,1,forced_lowest_slot,47,1e-05,8,64,3.8539750576019287,7.961578369140625
routing_routed,1,forced_lowest_slot,47,1e-05,9,72,8.04040241241455,8.310234069824219
routing_routed,1,forced_lowest_slot,47,1e-05,10,80,4.053081512451172,8.235119819641113
routing_routed,1,forced_lowest_slot,47,1e-05,11,88,8.08470630645752,7.350225925445557
routing_routed,1,forced_lowest_slot,47,1e-05,12,96,3.133544683456421,7.801360130310059
routing_routed,1,forced_lowest_slot,47,1e-05,13,104,2.4313063621520996,9.299407005310059
routing_routed,1,forced_lowest_slot,47,1e-05,14,112,2.252654790878296,7.765738010406494
routing_routed,1,forced_lowest_slot,47,1e-05,15,120,3.00213623046875,9.108355522155762
routing_routed,1,forced_lowest_slot,47,1e-05,16,128,1.8423269987106323,6.769374370574951
routing_routed,1,forced_lowest_slot,47,1e-05,17,136,3.2449872493743896,9.40903377532959
routing_routed,1,forced_lowest_slot,47,1e-05,18,144,5.191917419433594,9.2140474319458
routing_routed,1,forced_lowest_slot,47,1e-05,19,150,7.13875150680542,7.1388773918151855
causal_k4,4,natural,11,1e-05,1,8,3.8699753284454346,8.890949249267578
causal_k4,4,natural,11,1e-05,2,16,10.506465911865234,9.140511512756348
causal_k4,4,natural,11,1e-05,3,24,2.008545398712158,7.419637680053711
causal_k4,4,natural,11,1e-05,4,32,2.505319595336914,6.945146560668945
causal_k4,4,natural,11,1e-05,5,40,3.2073233127593994,8.783210754394531
causal_k4,4,natural,11,1e-05,6,48,8.457062721252441,9.131336212158203
causal_k4,4,natural,11,1e-05,7,56,3.4286420345306396,7.806545257568359
causal_k4,4,natural,11,1e-05,8,64,5.700700759887695,5.807705879211426
causal_k4,4,natural,11,1e-05,9,72,3.6307284832000732,8.63199234008789
causal_k4,4,natural,11,1e-05,10,80,5.480565071105957,7.7146830558776855
causal_k4,4,natural,11,1e-05,11,88,2.7685649394989014,9.651898384094238
causal_k4,4,natural,11,1e-05,12,96,2.2535581588745117,7.683541774749756
causal_k4,4,natural,11,1e-05,13,104,7.647021293640137,8.997696876525879
causal_k4,4,natural,11,1e-05,14,112,3.0277793407440186,7.056535243988037
causal_k4,4,natural,11,1e-05,15,120,1.7750948667526245,8.473398208618164
causal_k4,4,natural,11,1e-05,16,128,1.990012526512146,7.4559173583984375
causal_k4,4,natural,11,1e-05,17,136,2.361762523651123,7.504308223724365
causal_k4,4,natural,11,1e-05,18,144,2.6681196689605713,6.385763645172119
causal_k4,4,natural,11,1e-05,19,150,3.11735463142395,6.793484210968018
routing_k4,4,natural,11,1e-05,1,8,3.8699753284454346,13.032984733581543
routing_k4,4,natural,11,1e-05,2,16,10.567739486694336,12.248726844787598
routing_k4,4,natural,11,1e-05,3,24,1.8348525762557983,10.253033638000488
routing_k4,4,natural,11,1e-05,4,32,2.690122365951538,9.71334171295166
routing_k4,4,natural,11,1e-05,5,40,3.16965651512146,12.089112281799316
routing_k4,4,natural,11,1e-05,6,48,8.11414909362793,11.663616180419922
routing_k4,4,natural,11,1e-05,7,56,3.0768821239471436,9.666627883911133
routing_k4,4,natural,11,1e-05,8,64,5.570005893707275,8.254155158996582
routing_k4,4,natural,11,1e-05,9,72,3.178067922592163,12.684118270874023
routing_k4,4,natural,11,1e-05,10,80,5.580709934234619,10.096745491027832
routing_k4,4,natural,11,1e-05,11,88,2.0679991245269775,13.564986228942871
routing_k4,4,natural,11,1e-05,12,96,1.9460469484329224,9.760746002197266
routing_k4,4,natural,11,1e-05,13,104,6.248927116394043,13.43107795715332
routing_k4,4,natural,11,1e-05,14,112,2.295588970184326,8.890334129333496
routing_k4,4,natural,11,1e-05,15,120,1.4563148021697998,10.326759338378906
routing_k4,4,natural,11,1e-05,16,128,1.0143369436264038,9.6993408203125
routing_k4,4,natural,11,1e-05,17,136,1.8799721002578735,11.201910972595215
routing_k4,4,natural,11,1e-05,18,144,2.108996629714966,7.514679908752441
routing_k4,4,natural,11,1e-05,19,150,1.9945186376571655,8.186951637268066
hybrid_k4,4,natural,11,1e-05,1,8,3.8699753284454346,8.886316299438477
hybrid_k4,4,natural,11,1e-05,2,16,10.506467819213867,9.050439834594727
hybrid_k4,4,natural,11,1e-05,3,24,1.9587204456329346,7.2770867347717285
hybrid_k4,4,natural,11,1e-05,4,32,2.6791980266571045,6.862131595611572
hybrid_k4,4,natural,11,1e-05,5,40,3.2999110221862793,8.948576927185059
hybrid_k4,4,natural,11,1e-05,6,48,8.519071578979492,8.665977478027344
hybrid_k4,4,natural,11,1e-05,7,56,3.4286093711853027,7.872957706451416
hybrid_k4,4,natural,11,1e-05,8,64,5.827047348022461,5.969505786895752
hybrid_k4,4,natural,11,1e-05,9,72,3.7147562503814697,8.44641399383545
hybrid_k4,4,natural,11,1e-05,10,80,5.556250095367432,7.898497104644775
hybrid_k4,4,natural,11,1e-05,11,88,2.7683165073394775,9.527023315429688
hybrid_k4,4,natural,11,1e-05,12,96,2.191831350326538,7.602201461791992
hybrid_k4,4,natural,11,1e-05,13,104,7.9431681632995605,9.076947212219238
hybrid_k4,4,natural,11,1e-05,14,112,2.904228925704956,7.064478397369385
hybrid_k4,4,natural,11,1e-05,15,120,1.80616295337677,8.473779678344727
hybrid_k4,4,natural,11,1e-05,16,128,1.907405972480774,7.700684547424316
hybrid_k4,4,natural,11,1e-05,17,136,2.36051082611084,7.6440935134887695
hybrid_k4,4,natural,11,1e-05,18,144,2.66731595993042,6.413372993469238
hybrid_k4,4,natural,11,1e-05,19,150,2.988142728805542,6.9141411781311035
gradient_k4,4,natural,11,1e-05,1,8,3.8699753284454346,20.93766975402832
gradient_k4,4,natural,11,1e-05,2,16,10.38019847869873,20.74843978881836
gradient_k4,4,natural,11,1e-05,3,24,1.8590816259384155,16.31374740600586
gradient_k4,4,natural,11,1e-05,4,32,2.616057872772217,15.515230178833008
gradient_k4,4,natural,11,1e-05,5,40,3.0760350227355957,17.4199275970459
gradient_k4,4,natural,11,1e-05,6,48,8.020773887634277,18.58722686767578
gradient_k4,4,natural,11,1e-05,7,56,2.8062329292297363,15.569902420043945
gradient_k4,4,natural,11,1e-05,8,64,4.3895416259765625,11.287057876586914
gradient_k4,4,natural,11,1e-05,9,72,3.214360237121582,18.63398551940918
gradient_k4,4,natural,11,1e-05,10,80,4.507062911987305,17.323810577392578
gradient_k4,4,natural,11,1e-05,11,88,1.541141152381897,19.06869125366211
gradient_k4,4,natural,11,1e-05,12,96,1.5685690641403198,13.833239555358887
gradient_k4,4,natural,11,1e-05,13,104,3.656733989715576,18.057857513427734
gradient_k4,4,natural,11,1e-05,14,112,1.4926313161849976,11.630183219909668
gradient_k4,4,natural,11,1e-05,15,120,1.2041101455688477,12.923378944396973
gradient_k4,4,natural,11,1e-05,16,128,0.6607175469398499,12.138908386230469
gradient_k4,4,natural,11,1e-05,17,136,1.732710838317871,12.798913955688477
gradient_k4,4,natural,11,1e-05,18,144,1.8675293922424316,9.207897186279297
gradient_k4,4,natural,11,1e-05,19,150,1.0639351606369019,10.008418083190918
causal_k4,4,natural,23,1e-05,1,8,4.627234935760498,7.6413397789001465
causal_k4,4,natural,23,1e-05,2,16,6.390425205230713,11.034069061279297
causal_k4,4,natural,23,1e-05,3,24,4.248344898223877,6.9318671226501465
causal_k4,4,natural,23,1e-05,4,32,2.608032703399658,8.246368408203125
causal_k4,4,natural,23,1e-05,5,40,5.964854717254639,6.14585018157959
causal_k4,4,natural,23,1e-05,6,48,3.8394670486450195,9.636523246765137
causal_k4,4,natural,23,1e-05,7,56,5.935739517211914,7.273968696594238
causal_k4,4,natural,23,1e-05,8,64,3.728403329849243,7.554628372192383
causal_k4,4,natural,23,1e-05,9,72,3.5898847579956055,9.479096412658691
causal_k4,4,natural,23,1e-05,10,80,3.4461278915405273,7.977537631988525
causal_k4,4,natural,23,1e-05,11,88,3.9193952083587646,7.814198970794678
causal_k4,4,natural,23,1e-05,12,96,2.3212716579437256,6.629179000854492
causal_k4,4,natural,23,1e-05,13,104,2.3948636054992676,7.987945079803467
causal_k4,4,natural,23,1e-05,14,112,3.224193572998047,10.044482231140137
causal_k4,4,natural,23,1e-05,15,120,2.552302837371826,8.71435832977295
causal_k4,4,natural,23,1e-05,16,128,1.6798826456069946,7.895267486572266
causal_k4,4,natural,23,1e-05,17,136,1.2825435400009155,6.3168110847473145
causal_k4,4,natural,23,1e-05,18,144,2.8776721954345703,8.048501014709473
causal_k4,4,natural,23,1e-05,19,150,3.054438829421997,5.119576930999756
routing_k4,4,natural,23,1e-05,1,8,4.627234935760498,10.764909744262695
routing_k4,4,natural,23,1e-05,2,16,6.036005020141602,14.194239616394043
routing_k4,4,natural,23,1e-05,3,24,4.505494594573975,9.577792167663574
routing_k4,4,natural,23,1e-05,4,32,2.2205207347869873,10.866809844970703
routing_k4,4,natural,23,1e-05,5,40,6.196513652801514,8.55506706237793
routing_k4,4,natural,23,1e-05,6,48,3.6303062438964844,13.715269088745117
routing_k4,4,natural,23,1e-05,7,56,6.01567268371582,10.526138305664062
routing_k4,4,natural,23,1e-05,8,64,3.3619744777679443,10.623434066772461
routing_k4,4,natural,23,1e-05,9,72,3.506911039352417,12.0934419631958
routing_k4,4,natural,23,1e-05,10,80,2.959487199783325,10.332252502441406
routing_k4,4,natural,23,1e-05,11,88,3.117694139480591,12.251005172729492
routing_k4,4,natural,23,1e-05,12,96,1.4710164070129395,8.674722671508789
routing_k4,4,natural,23,1e-05,13,104,2.0116283893585205,10.314911842346191
routing_k4,4,natural,23,1e-05,14,112,2.613525867462158,13.538002967834473
routing_k4,4,natural,23,1e-05,15,120,2.3549978733062744,12.671844482421875
routing_k4,4,natural,23,1e-05,16,128,1.5298339128494263,9.040385246276855
routing_k4,4,natural,23,1e-05,17,136,0.7588440775871277,7.078997611999512
routing_k4,4,natural,23,1e-05,18,144,1.8441762924194336,9.609773635864258
routing_k4,4,natural,23,1e-05,19,150,1.7918332815170288,7.8589186668396
hybrid_k4,4,natural,23,1e-05,1,8,4.627234935760498,7.543575286865234
hybrid_k4,4,natural,23,1e-05,2,16,6.3287835121154785,10.842595100402832
hybrid_k4,4,natural,23,1e-05,3,24,4.223206043243408,6.919130325317383
hybrid_k4,4,natural,23,1e-05,4,32,2.5530779361724854,8.226664543151855
hybrid_k4,4,natural,23,1e-05,5,40,5.815800666809082,6.105020523071289
hybrid_k4,4,natural,23,1e-05,6,48,3.9216091632843018,9.479927062988281
hybrid_k4,4,natural,23,1e-05,7,56,6.071630001068115,7.501373291015625
hybrid_k4,4,natural,23,1e-05,8,64,3.6064813137054443,7.486180782318115
hybrid_k4,4,natural,23,1e-05,9,72,3.6319096088409424,9.359092712402344
hybrid_k4,4,natural,23,1e-05,10,80,3.4460256099700928,7.998787879943848
hybrid_k4,4,natural,23,1e-05,11,88,3.8399016857147217,7.915896892547607
hybrid_k4,4,natural,23,1e-05,12,96,2.277714490890503,6.663504123687744
hybrid_k4,4,natural,23,1e-05,13,104,2.385117769241333,8.104153633117676
hybrid_k4,4,natural,23,1e-05,14,112,3.295957326889038,9.801478385925293
hybrid_k4,4,natural,23,1e-05,15,120,2.633972644805908,8.76909065246582
hybrid_k4,4,natural,23,1e-05,16,128,1.6829665899276733,8.078227043151855
hybrid_k4,4,natural,23,1e-05,17,136,1.2921150922775269,6.599642753601074
hybrid_k4,4,natural,23,1e-05,18,144,2.9192817211151123,8.091136932373047
hybrid_k4,4,natural,23,1e-05,19,150,3.1386682987213135,5.077507019042969
gradient_k4,4,natural,23,1e-05,1,8,4.627234935760498,16.13603973388672
gradient_k4,4,natural,23,1e-05,2,16,6.362985134124756,24.493759155273438
gradient_k4,4,natural,23,1e-05,3,24,4.0926289558410645,15.08753490447998
gradient_k4,4,natural,23,1e-05,4,32,2.3052377700805664,16.57522964477539
gradient_k4,4,natural,23,1e-05,5,40,5.714796543121338,14.280773162841797
gradient_k4,4,natural,23,1e-05,6,48,3.507134437561035,22.763750076293945
gradient_k4,4,natural,23,1e-05,7,56,5.315857887268066,16.631593704223633
gradient_k4,4,natural,23,1e-05,8,64,3.003425359725952,15.772485733032227
gradient_k4,4,natural,23,1e-05,9,72,3.007256507873535,19.38822364807129
gradient_k4,4,natural,23,1e-05,10,80,2.56424617767334,14.672117233276367
gradient_k4,4,natural,23,1e-05,11,88,2.399998188018799,15.72220230102539
gradient_k4,4,natural,23,1e-05,12,96,1.1189228296279907,13.473379135131836
gradient_k4,4,natural,23,1e-05,13,104,1.9346901178359985,15.458830833435059
gradient_k4,4,natural,23,1e-05,14,112,1.5536688566207886,16.85794448852539
gradient_k4,4,natural,23,1e-05,15,120,0.8836259245872498,14.790008544921875
gradient_k4,4,natural,23,1e-05,16,128,1.2295782566070557,11.943882942199707
gradient_k4,4,natural,23,1e-05,17,136,0.44721081852912903,9.858083724975586
gradient_k4,4,natural,23,1e-05,18,144,1.8452190160751343,11.3521146774292
gradient_k4,4,natural,23,1e-05,19,150,0.8909165263175964,9.528615951538086
causal_k4,4,natural,47,1e-05,1,8,2.4546127319335938,7.79928731918335
causal_k4,4,natural,47,1e-05,2,16,10.569074630737305,8.453583717346191
causal_k4,4,natural,47,1e-05,3,24,2.181840419769287,9.179411888122559
causal_k4,4,natural,47,1e-05,4,32,3.918572187423706,8.185259819030762
causal_k4,4,natural,47,1e-05,5,40,8.602564811706543,9.293408393859863
causal_k4,4,natural,47,1e-05,6,48,2.4983513355255127,7.103267192840576
causal_k4,4,natural,47,1e-05,7,56,7.984440803527832,8.36746597290039
causal_k4,4,natural,47,1e-05,8,64,3.8117353916168213,7.396862506866455
causal_k4,4,natural,47,1e-05,9,72,7.832417964935303,7.652926921844482
causal_k4,4,natural,47,1e-05,10,80,3.8853302001953125,7.288077354431152
causal_k4,4,natural,47,1e-05,11,88,6.980142116546631,6.924890041351318
causal_k4,4,natural,47,1e-05,12,96,2.8023290634155273,6.351682662963867
causal_k4,4,natural,47,1e-05,13,104,2.4648165702819824,9.316327095031738
causal_k4,4,natural,47,1e-05,14,112,2.1534335613250732,6.890381813049316
causal_k4,4,natural,47,1e-05,15,120,2.5901074409484863,8.254131317138672
causal_k4,4,natural,47,1e-05,16,128,1.7573856115341187,6.975199222564697
causal_k4,4,natural,47,1e-05,17,136,2.9197819232940674,8.007624626159668
causal_k4,4,natural,47,1e-05,18,144,5.0474324226379395,7.841374397277832
causal_k4,4,natural,47,1e-05,19,150,5.570769309997559,7.612033843994141
routing_k4,4,natural,47,1e-05,1,8,2.4546127319335938,10.286169052124023
routing_k4,4,natural,47,1e-05,2,16,10.692866325378418,11.545707702636719
routing_k4,4,natural,47,1e-05,3,24,2.302276372909546,11.692456245422363
routing_k4,4,natural,47,1e-05,4,32,3.8767893314361572,11.512971878051758
routing_k4,4,natural,47,1e-05,5,40,8.315084457397461,13.583296775817871
routing_k4,4,natural,47,1e-05,6,48,2.464862108230591,10.188653945922852
routing_k4,4,natural,47,1e-05,7,56,7.624539375305176,12.62696361541748
routing_k4,4,natural,47,1e-05,8,64,3.6104657649993896,10.216894149780273
routing_k4,4,natural,47,1e-05,9,72,8.042797088623047,10.149036407470703
routing_k4,4,natural,47,1e-05,10,80,3.1759626865386963,10.915042877197266
routing_k4,4,natural,47,1e-05,11,88,6.996923923492432,8.456680297851562
routing_k4,4,natural,47,1e-05,12,96,2.475266218185425,9.048592567443848
routing_k4,4,natural,47,1e-05,13,104,2.152951955795288,11.164067268371582
routing_k4,4,natural,47,1e-05,14,112,1.0558959245681763,9.12508487701416
routing_k4,4,natural,47,1e-05,15,120,3.009819269180298,10.737189292907715
routing_k4,4,natural,47,1e-05,16,128,1.4236608743667603,9.556408882141113
routing_k4,4,natural,47,1e-05,17,136,2.241670846939087,10.001849174499512
routing_k4,4,natural,47,1e-05,18,144,4.0916337966918945,11.534852981567383
routing_k4,4,natural,47,1e-05,19,150,5.088207244873047,8.468482971191406
hybrid_k4,4,natural,47,1e-05,1,8,2.4546127319335938,7.484716892242432
hybrid_k4,4,natural,47,1e-05,2,16,10.630139350891113,8.349188804626465
hybrid_k4,4,natural,47,1e-05,3,24,2.2660534381866455,9.261244773864746
hybrid_k4,4,natural,47,1e-05,4,32,3.8768718242645264,8.198183059692383
hybrid_k4,4,natural,47,1e-05,5,40,8.60267162322998,9.257770538330078
hybrid_k4,4,natural,47,1e-05,6,48,2.5353329181671143,7.047722339630127
hybrid_k4,4,natural,47,1e-05,7,56,7.990039348602295,8.28981876373291
hybrid_k4,4,natural,47,1e-05,8,64,3.7262277603149414,7.484140872955322
hybrid_k4,4,natural,47,1e-05,9,72,8.10322093963623,7.6066975593566895
hybrid_k4,4,natural,47,1e-05,10,80,3.8844964504241943,7.377615451812744
hybrid_k4,4,natural,47,1e-05,11,88,7.230016708374023,7.011009216308594
hybrid_k4,4,natural,47,1e-05,12,96,3.0075700283050537,6.684493064880371
hybrid_k4,4,natural,47,1e-05,13,104,2.5022244453430176,9.420740127563477
hybrid_k4,4,natural,47,1e-05,14,112,2.0730645656585693,7.122877597808838
hybrid_k4,4,natural,47,1e-05,15,120,2.7504100799560547,8.52833080291748
hybrid_k4,4,natural,47,1e-05,16,128,1.7883882522583008,7.072289943695068
hybrid_k4,4,natural,47,1e-05,17,136,3.025545120239258,8.060039520263672
hybrid_k4,4,natural,47,1e-05,18,144,5.179566860198975,7.668017864227295
hybrid_k4,4,natural,47,1e-05,19,150,5.883049011230469,7.712412357330322
gradient_k4,4,natural,47,1e-05,1,8,2.4546127319335938,16.630414962768555
gradient_k4,4,natural,47,1e-05,2,16,10.56842041015625,18.425222396850586
gradient_k4,4,natural,47,1e-05,3,24,2.0911009311676025,19.4432430267334
gradient_k4,4,natural,47,1e-05,4,32,3.8767576217651367,19.151119232177734
gradient_k4,4,natural,47,1e-05,5,40,8.103378295898438,20.573232650756836
gradient_k4,4,natural,47,1e-05,6,48,2.4338295459747314,15.527835845947266
gradient_k4,4,natural,47,1e-05,7,56,6.986238479614258,19.291622161865234
gradient_k4,4,natural,47,1e-05,8,64,3.1685402393341064,15.278242111206055
gradient_k4,4,natural,47,1e-05,9,72,6.442840099334717,14.358120918273926
gradient_k4,4,natural,47,1e-05,10,80,2.4297618865966797,14.808058738708496
gradient_k4,4,natural,47,1e-05,11,88,4.608136177062988,13.217094421386719
gradient_k4,4,natural,47,1e-05,12,96,1.4391626119613647,12.368021965026855
gradient_k4,4,natural,47,1e-05,13,104,2.088305711746216,17.297557830810547
gradient_k4,4,natural,47,1e-05,14,112,0.815868079662323,10.94764518737793
gradient_k4,4,natural,47,1e-05,15,120,1.4157886505126953,14.468913078308105
gradient_k4,4,natural,47,1e-05,16,128,1.1641892194747925,12.876150131225586
gradient_k4,4,natural,47,1e-05,17,136,1.5425152778625488,11.601667404174805
gradient_k4,4,natural,47,1e-05,18,144,3.393524646759033,12.72574234008789
gradient_k4,4,natural,47,1e-05,19,150,1.8902947902679443,9.346931457519531
random_global_0,1,natural,11,1e-05,1,8,3.8699753284454346,0.08649954199790955
random_global_0,1,natural,11,1e-05,2,16,10.3808012008667,0.1576748490333557
random_global_0,1,natural,11,1e-05,3,24,1.958721399307251,0.21205884218215942
random_global_0,1,natural,11,1e-05,4,32,2.7037060260772705,0.0038234966341406107
random_global_0,1,natural,11,1e-05,5,40,3.3618171215057373,0.1347971260547638
random_global_0,1,natural,11,1e-05,6,48,8.706576347351074,0.1926017850637436
random_global_0,1,natural,11,1e-05,7,56,3.8442389965057373,0.08207961916923523
random_global_0,1,natural,11,1e-05,8,64,6.3487372398376465,0.18538600206375122
random_global_0,1,natural,11,1e-05,9,72,4.004827499389648,0.20090918242931366
random_global_0,1,natural,11,1e-05,10,80,6.033758163452148,0.1555558443069458
random_global_0,1,natural,11,1e-05,11,88,3.1838772296905518,0.16523832082748413
random_global_0,1,natural,11,1e-05,12,96,2.847360372543335,0.08696391433477402
random_global_0,1,natural,11,1e-05,13,104,9.334952354431152,0.10816104710102081
random_global_0,1,natural,11,1e-05,14,112,4.603553771972656,0.08004920929670334
random_global_0,1,natural,11,1e-05,15,120,1.9919471740722656,0.27227553725242615
random_global_0,1,natural,11,1e-05,16,128,2.7754087448120117,0.11580314487218857
random_global_0,1,natural,11,1e-05,17,136,2.5804009437561035,0.0037385327741503716
random_global_0,1,natural,11,1e-05,18,144,3.326129913330078,0.076453797519207
random_global_0,1,natural,11,1e-05,19,150,4.623814105987549,0.16554132103919983
random_global_1,1,natural,11,1e-05,1,8,3.8699753284454346,0.07746712118387222
random_global_1,1,natural,11,1e-05,2,16,10.506668090820312,0.23901624977588654
random_global_1,1,natural,11,1e-05,3,24,2.0088579654693604,0.2159992754459381
random_global_1,1,natural,11,1e-05,4,32,2.678528070449829,0.2475746124982834
random_global_1,1,natural,11,1e-05,5,40,3.4849748611450195,0.2529752254486084
random_global_1,1,natural,11,1e-05,6,48,8.789859771728516,0.06821250915527344
random_global_1,1,natural,11,1e-05,7,56,3.8699753284454346,0.23801840841770172
random_global_1,1,natural,11,1e-05,8,64,6.4694061279296875,0.1233549416065216
random_global_1,1,natural,11,1e-05,9,72,4.088247776031494,0.21579976379871368
random_global_1,1,natural,11,1e-05,10,80,6.033758163452148,0.17573218047618866
random_global_1,1,natural,11,1e-05,11,88,3.22446346282959,0.16537073254585266
random_global_1,1,natural,11,1e-05,12,96,2.784928321838379,0.23946188390254974
random_global_1,1,natural,11,1e-05,13,104,9.317864418029785,0.010717042721807957
random_global_1,1,natural,11,1e-05,14,112,4.266688823699951,0.2739954888820648
random_global_1,1,natural,11,1e-05,15,120,2.0351474285125732,0.09967786818742752
random_global_1,1,natural,11,1e-05,16,128,2.776531457901001,0.12579651176929474
random_global_1,1,natural,11,1e-05,17,136,2.6747875213623047,0.24659201502799988
random_global_1,1,natural,11,1e-05,18,144,3.4222652912139893,0.2303297519683838
random_global_1,1,natural,11,1e-05,19,150,4.66464376449585,0.07820677757263184
random_global_2,1,natural,11,1e-05,1,8,3.8699753284454346,0.0
random_global_2,1,natural,11,1e-05,2,16,10.506668090820312,0.0
random_global_2,1,natural,11,1e-05,3,24,2.0088579654693604,0.0
random_global_2,1,natural,11,1e-05,4,32,2.678528070449829,0.0
random_global_2,1,natural,11,1e-05,5,40,3.36457896232605,0.0
random_global_2,1,natural,11,1e-05,6,48,8.789859771728516,0.0
random_global_2,1,natural,11,1e-05,7,56,3.8699753284454346,0.0
random_global_2,1,natural,11,1e-05,8,64,6.4694061279296875,0.0
random_global_2,1,natural,11,1e-05,9,72,4.088247776031494,0.0
random_global_2,1,natural,11,1e-05,10,80,6.033758163452148,0.0
random_global_2,1,natural,11,1e-05,11,88,3.22446346282959,0.0
random_global_2,1,natural,11,1e-05,12,96,2.6909639835357666,0.0
random_global_2,1,natural,11,1e-05,13,104,9.317864418029785,0.0
random_global_2,1,natural,11,1e-05,14,112,4.604245662689209,0.0
random_global_2,1,natural,11,1e-05,15,120,2.0351474285125732,0.0
random_global_2,1,natural,11,1e-05,16,128,2.7754087448120117,0.0
random_global_2,1,natural,11,1e-05,17,136,2.6276819705963135,0.0
random_global_2,1,natural,11,1e-05,18,144,3.36457896232605,0.0
random_global_2,1,natural,11,1e-05,19,150,4.623359203338623,0.0
random_global_3,1,natural,11,1e-05,1,8,3.8699753284454346,0.011701435782015324
random_global_3,1,natural,11,1e-05,2,16,10.506668090820312,0.003566818544641137
random_global_3,1,natural,11,1e-05,3,24,2.0088579654693604,0.0008675717399455607
random_global_3,1,natural,11,1e-05,4,32,2.678528070449829,0.0024823290295898914
random_global_3,1,natural,11,1e-05,5,40,3.36457896232605,0.006338093895465136
random_global_3,1,natural,11,1e-05,6,48,8.789910316467285,0.002625137334689498
random_global_3,1,natural,11,1e-05,7,56,3.8699753284454346,0.0
random_global_3,1,natural,11,1e-05,8,64,6.3803253173828125,0.007443839684128761
random_global_3,1,natural,11,1e-05,9,72,4.088247776031494,0.002648113528266549
random_global_3,1,natural,11,1e-05,10,80,6.033758163452148,0.005521496757864952
random_global_3,1,natural,11,1e-05,11,88,3.22446346282959,0.008910943754017353
random_global_3,1,natural,11,1e-05,12,96,2.6909639835357666,0.004916100762784481
random_global_3,1,natural,11,1e-05,13,104,9.317864418029785,0.001554513699375093
random_global_3,1,natural,11,1e-05,14,112,4.604245662689209,0.00476048793643713
random_global_3,1,natural,11,1e-05,15,120,2.0351474285125732,0.0038422124926000834
random_global_3,1,natural,11,1e-05,16,128,2.7754087448120117,0.005558146629482508
random_global_3,1,natural,11,1e-05,17,136,2.6216742992401123,0.007229254115372896
random_global_3,1,natural,11,1e-05,18,144,3.36457896232605,0.0001554841292090714
random_global_3,1,natural,11,1e-05,19,150,4.623318195343018,0.009070797823369503
random_global_4,1,natural,11,1e-05,1,8,3.8699753284454346,0.05920104309916496
random_global_4,1,natural,11,1e-05,2,16,10.444058418273926,0.03783457353711128
random_global_4,1,natural,11,1e-05,3,24,1.8612018823623657,0.08848380297422409
random_global_4,1,natural,11,1e-05,4,32,2.6332459449768066,0.1360534280538559
random_global_4,1,natural,11,1e-05,5,40,3.482316255569458,0.030857576057314873
random_global_4,1,natural,11,1e-05,6,48,8.502528190612793,0.06879091262817383
random_global_4,1,natural,11,1e-05,7,56,3.461371421813965,0.033768974244594574
random_global_4,1,natural,11,1e-05,8,64,6.112625598907471,0.23537537455558777
random_global_4,1,natural,11,1e-05,9,72,4.003800868988037,0.040266990661621094
random_global_4,1,natural,11,1e-05,10,80,5.5227813720703125,0.13781143724918365
random_global_4,1,natural,11,1e-05,11,88,3.2636187076568604,0.06461648643016815
random_global_4,1,natural,11,1e-05,12,96,2.6909639835357666,0.02946476638317108
random_global_4,1,natural,11,1e-05,13,104,9.072211265563965,0.1181906908750534
random_global_4,1,natural,11,1e-05,14,112,4.644896030426025,0.046859513968229294
random_global_4,1,natural,11,1e-05,15,120,2.2166764736175537,0.26244139671325684
random_global_4,1,natural,11,1e-05,16,128,2.6279921531677246,0.05845125764608383
random_global_4,1,natural,11,1e-05,17,136,2.8281643390655518,0.06933354586362839
random_global_4,1,natural,11,1e-05,18,144,3.863452434539795,0.05507305637001991
random_global_4,1,natural,11,1e-05,19,150,4.724461555480957,0.037630610167980194
random_same_layer_0,1,natural,11,1e-05,1,8,3.8699753284454346,0.03469102829694748
random_same_layer_0,1,natural,11,1e-05,2,16,10.44417667388916,0.026627151295542717
random_same_layer_0,1,natural,11,1e-05,3,24,2.0584940910339355,0.026846084743738174
random_same_layer_0,1,natural,11,1e-05,4,32,2.6776721477508545,0.034853771328926086
random_same_layer_0,1,natural,11,1e-05,5,40,3.3645455837249756,0.03580532968044281
random_same_layer_0,1,natural,11,1e-05,6,48,8.78986644744873,0.026241349056363106
random_same_layer_0,1,natural,11,1e-05,7,56,3.869983673095703,0.03807245194911957
random_same_layer_0,1,natural,11,1e-05,8,64,6.427690505981445,0.025255879387259483
random_same_layer_0,1,natural,11,1e-05,9,72,4.088220119476318,0.03284589201211929
random_same_layer_0,1,natural,11,1e-05,10,80,6.036641597747803,0.031292300671339035
random_same_layer_0,1,natural,11,1e-05,11,88,3.2236487865448,0.04708932340145111
random_same_layer_0,1,natural,11,1e-05,12,96,2.6909632682800293,0.02656356804072857
random_same_layer_0,1,natural,11,1e-05,13,104,9.317891120910645,0.03713594749569893
random_same_layer_0,1,natural,11,1e-05,14,112,4.6042656898498535,0.03427935019135475
random_same_layer_0,1,natural,11,1e-05,15,120,2.0372273921966553,0.029761923477053642
random_same_layer_0,1,natural,11,1e-05,16,128,2.775071382522583,0.058588456362485886
random_same_layer_0,1,natural,11,1e-05,17,136,2.606487989425659,0.04515939578413963
random_same_layer_0,1,natural,11,1e-05,18,144,3.3631339073181152,0.028689123690128326
random_same_layer_0,1,natural,11,1e-05,19,150,4.665013790130615,0.0365961492061615
random_same_layer_1,1,natural,11,1e-05,1,8,3.8699753284454346,0.009036405012011528
random_same_layer_1,1,natural,11,1e-05,2,16,10.506677627563477,0.004627163056284189
random_same_layer_1,1,natural,11,1e-05,3,24,2.0087814331054688,0.04910989850759506
random_same_layer_1,1,natural,11,1e-05,4,32,2.6782264709472656,0.018642254173755646
random_same_layer_1,1,natural,11,1e-05,5,40,3.363063335418701,0.01690945215523243
random_same_layer_1,1,natural,11,1e-05,6,48,8.7899169921875,0.019284136593341827
random_same_layer_1,1,natural,11,1e-05,7,56,3.8710532188415527,0.011785059235990047
random_same_layer_1,1,natural,11,1e-05,8,64,6.43218994140625,0.016644850373268127
random_same_layer_1,1,natural,11,1e-05,9,72,4.0881476402282715,0.04960685595870018
random_same_layer_1,1,natural,11,1e-05,10,80,5.9980854988098145,0.007196909282356501
random_same_layer_1,1,natural,11,1e-05,11,88,3.2234277725219727,0.016812456771731377
random_same_layer_1,1,natural,11,1e-05,12,96,2.690887689590454,0.01822124607861042
random_same_layer_1,1,natural,11,1e-05,13,104,9.317852020263672,0.008565904572606087
random_same_layer_1,1,natural,11,1e-05,14,112,4.603630542755127,0.008334535174071789
random_same_layer_1,1,natural,11,1e-05,15,120,2.045699119567871,0.007080638315528631
random_same_layer_1,1,natural,11,1e-05,16,128,2.7752790451049805,0.01632683165371418
random_same_layer_1,1,natural,11,1e-05,17,136,2.6167173385620117,0.04898332804441452
random_same_layer_1,1,natural,11,1e-05,18,144,3.364424228668213,0.019656475633382797
random_same_layer_1,1,natural,11,1e-05,19,150,4.623358249664307,0.01810372620820999
random_same_layer_2,1,natural,11,1e-05,1,8,3.8699753284454346,0.018656611442565918
random_same_layer_2,1,natural,11,1e-05,2,16,10.444173812866211,0.027936916798353195
random_same_layer_2,1,natural,11,1e-05,3,24,2.008739948272705,0.012902979739010334
random_same_layer_2,1,natural,11,1e-05,4,32,2.6781578063964844,0.012438005767762661
random_same_layer_2,1,natural,11,1e-05,5,40,3.3639817237854004,0.010250601917505264
random_same_layer_2,1,natural,11,1e-05,6,48,8.789905548095703,0.01535133644938469
random_same_layer_2,1,natural,11,1e-05,7,56,3.8710696697235107,0.010284345597028732
random_same_layer_2,1,natural,11,1e-05,8,64,6.427703380584717,0.0073692938312888145
random_same_layer_2,1,natural,11,1e-05,9,72,4.088210582733154,0.02003297209739685
random_same_layer_2,1,natural,11,1e-05,10,80,6.029265403747559,0.023316290229558945
random_same_layer_2,1,natural,11,1e-05,11,88,3.2243568897247314,0.017222095280885696
random_same_layer_2,1,natural,11,1e-05,12,96,2.6908881664276123,0.018317341804504395
random_same_layer_2,1,natural,11,1e-05,13,104,9.317893981933594,0.011553923599421978
random_same_layer_2,1,natural,11,1e-05,14,112,4.6037068367004395,0.013663946650922298
random_same_layer_2,1,natural,11,1e-05,15,120,2.034362316131592,0.016808820888400078
random_same_layer_2,1,natural,11,1e-05,16,128,2.77541446685791,0.020426781848073006
random_same_layer_2,1,natural,11,1e-05,17,136,2.609358310699463,0.020279891788959503
random_same_layer_2,1,natural,11,1e-05,18,144,3.3958213329315186,0.015495981089770794
random_same_layer_2,1,natural,11,1e-05,19,150,4.668262958526611,0.011897649616003036
random_same_layer_3,1,natural,11,1e-05,1,8,3.8699753284454346,0.015699217095971107
random_same_layer_3,1,natural,11,1e-05,2,16,10.506668090820312,0.03381715714931488
random_same_layer_3,1,natural,11,1e-05,3,24,2.0088579654693604,0.07428669929504395
random_same_layer_3,1,natural,11,1e-05,4,32,2.678528070449829,0.010045458562672138
random_same_layer_3,1,natural,11,1e-05,5,40,3.36457896232605,0.0
random_same_layer_3,1,natural,11,1e-05,6,48,8.789859771728516,0.06998343765735626
random_same_layer_3,1,natural,11,1e-05,7,56,3.871213674545288,0.002543219132348895
random_same_layer_3,1,natural,11,1e-05,8,64,6.427731037139893,0.04078994691371918
random_same_layer_3,1,natural,11,1e-05,9,72,4.088200569152832,0.06841763854026794
random_same_layer_3,1,natural,11,1e-05,10,80,6.025602340698242,0.03579811006784439
random_same_layer_3,1,natural,11,1e-05,11,88,3.22446346282959,0.01379601564258337
random_same_layer_3,1,natural,11,1e-05,12,96,2.6909639835357666,0.04283124953508377
random_same_layer_3,1,natural,11,1e-05,13,104,9.317864418029785,0.04128102958202362
random_same_layer_3,1,natural,11,1e-05,14,112,4.604245662689209,0.03329825401306152
random_same_layer_3,1,natural,11,1e-05,15,120,2.0351474285125732,0.03618144989013672
random_same_layer_3,1,natural,11,1e-05,16,128,2.7754087448120117,1.8608703840072849e-06
random_same_layer_3,1,natural,11,1e-05,17,136,2.6276819705963135,0.04176023229956627
random_same_layer_3,1,natural,11,1e-05,18,144,3.36457896232605,0.042110420763492584
random_same_layer_3,1,natural,11,1e-05,19,150,4.62661600112915,0.014363841153681278
random_same_layer_4,1,natural,11,1e-05,1,8,3.8699753284454346,0.15102070569992065
random_same_layer_4,1,natural,11,1e-05,2,16,10.506668090820312,0.018707113340497017
random_same_layer_4,1,natural,11,1e-05,3,24,2.008859872817993,0.040142543613910675
random_same_layer_4,1,natural,11,1e-05,4,32,2.678234577178955,0.08240151405334473
random_same_layer_4,1,natural,11,1e-05,5,40,3.36457896232605,0.1110580638051033
random_same_layer_4,1,natural,11,1e-05,6,48,8.789859771728516,0.19138433039188385
random_same_layer_4,1,natural,11,1e-05,7,56,3.8699753284454346,0.3388731777667999
random_same_layer_4,1,natural,11,1e-05,8,64,6.432096481323242,0.1589275598526001
random_same_layer_4,1,natural,11,1e-05,9,72,4.088247776031494,0.07886900007724762
random_same_layer_4,1,natural,11,1e-05,10,80,6.033758163452148,0.2776036858558655
random_same_layer_4,1,natural,11,1e-05,11,88,3.22446346282959,0.01668764464557171
random_same_layer_4,1,natural,11,1e-05,12,96,2.6909639835357666,0.10319474339485168
random_same_layer_4,1,natural,11,1e-05,13,104,9.317798614501953,0.00568635668605566
random_same_layer_4,1,natural,11,1e-05,14,112,4.604245662689209,0.04224791005253792
random_same_layer_4,1,natural,11,1e-05,15,120,2.045722246170044,0.10339954495429993
random_same_layer_4,1,natural,11,1e-05,16,128,2.7754087448120117,0.0
random_same_layer_4,1,natural,11,1e-05,17,136,2.614959716796875,0.17992617189884186
random_same_layer_4,1,natural,11,1e-05,18,144,3.36457896232605,0.21174262464046478
random_same_layer_4,1,natural,11,1e-05,19,150,4.623359203338623,0.30018824338912964
causal_routed_lr_sensitivity,1,natural_lr_sensitivity,11,3e-06,1,8,3.8699753284454346,1.1810028553009033
causal_routed_lr_sensitivity,1,natural_lr_sensitivity,11,3e-06,2,16,10.444204330444336,1.3082594871520996
causal_routed_lr_sensitivity,1,natural_lr_sensitivity,11,3e-06,3,24,2.0087695121765137,0.9869250059127808
causal_routed_lr_sensitivity,1,natural_lr_sensitivity,11,3e-06,4,32,2.678191900253296,1.0897843837738037
causal_routed_lr_sensitivity,1,natural_lr_sensitivity,11,3e-06,5,40,3.364579677581787,0.8525510430335999
causal_routed_lr_sensitivity,1,natural_lr_sensitivity,11,3e-06,6,48,8.789864540100098,1.1307518482208252
causal_routed_lr_sensitivity,1,natural_lr_sensitivity,11,3e-06,7,56,3.869933605194092,0.9564409852027893
causal_routed_lr_sensitivity,1,natural_lr_sensitivity,11,3e-06,8,64,6.417417526245117,0.8068835735321045
causal_routed_lr_sensitivity,1,natural_lr_sensitivity,11,3e-06,9,72,4.088205337524414,1.2536262273788452
causal_routed_lr_sensitivity,1,natural_lr_sensitivity,11,3e-06,10,80,6.037668228149414,1.1523371934890747
causal_routed_lr_sensitivity,1,natural_lr_sensitivity,11,3e-06,11,88,3.224432945251465,1.2462949752807617
causal_routed_lr_sensitivity,1,natural_lr_sensitivity,11,3e-06,12,96,2.659731864929199,0.97098708152771
causal_routed_lr_sensitivity,1,natural_lr_sensitivity,11,3e-06,13,104,9.317808151245117,1.2776319980621338
causal_routed_lr_sensitivity,1,natural_lr_sensitivity,11,3e-06,14,112,4.600930213928223,0.9083570241928101
causal_routed_lr_sensitivity,1,natural_lr_sensitivity,11,3e-06,15,120,2.0283119678497314,1.0260883569717407
causal_routed_lr_sensitivity,1,natural_lr_sensitivity,11,3e-06,16,128,2.7755658626556396,1.2116045951843262
causal_routed_lr_sensitivity,1,natural_lr_sensitivity,11,3e-06,17,136,2.609372615814209,1.189437985420227
causal_routed_lr_sensitivity,1,natural_lr_sensitivity,11,3e-06,18,144,3.364025115966797,0.9316372871398926
causal_routed_lr_sensitivity,1,natural_lr_sensitivity,11,3e-06,19,150,4.623316764831543,0.7710942625999451
routing_routed_lr_sensitivity,1,natural_lr_sensitivity,11,3e-06,1,8,3.8699753284454346,10.290284156799316
routing_routed_lr_sensitivity,1,natural_lr_sensitivity,11,3e-06,2,16,10.50525951385498,10.357717514038086
routing_routed_lr_sensitivity,1,natural_lr_sensitivity,11,3e-06,3,24,1.9836149215698242,8.852672576904297
routing_routed_lr_sensitivity,1,natural_lr_sensitivity,11,3e-06,4,32,2.6681387424468994,7.791640758514404
routing_routed_lr_sensitivity,1,natural_lr_sensitivity,11,3e-06,5,40,3.361236095428467,9.588143348693848
routing_routed_lr_sensitivity,1,natural_lr_sensitivity,11,3e-06,6,48,8.831578254699707,9.758867263793945
routing_routed_lr_sensitivity,1,natural_lr_sensitivity,11,3e-06,7,56,3.8699097633361816,8.350671768188477
routing_routed_lr_sensitivity,1,natural_lr_sensitivity,11,3e-06,8,64,6.338649272918701,7.123912811279297
routing_routed_lr_sensitivity,1,natural_lr_sensitivity,11,3e-06,9,72,4.088138580322266,10.795419692993164
routing_routed_lr_sensitivity,1,natural_lr_sensitivity,11,3e-06,10,80,5.922080039978027,8.278636932373047
routing_routed_lr_sensitivity,1,natural_lr_sensitivity,11,3e-06,11,88,3.1795177459716797,10.834600448608398
routing_routed_lr_sensitivity,1,natural_lr_sensitivity,11,3e-06,12,96,2.691335439682007,8.250199317932129
routing_routed_lr_sensitivity,1,natural_lr_sensitivity,11,3e-06,13,104,9.130420684814453,10.813714981079102
routing_routed_lr_sensitivity,1,natural_lr_sensitivity,11,3e-06,14,112,4.438197612762451,8.269679069519043
routing_routed_lr_sensitivity,1,natural_lr_sensitivity,11,3e-06,15,120,2.0126636028289795,9.538413047790527
routing_routed_lr_sensitivity,1,natural_lr_sensitivity,11,3e-06,16,128,2.6138978004455566,8.967021942138672
routing_routed_lr_sensitivity,1,natural_lr_sensitivity,11,3e-06,17,136,2.6171112060546875,9.68514633178711
routing_routed_lr_sensitivity,1,natural_lr_sensitivity,11,3e-06,18,144,3.2680208683013916,6.707858085632324
routing_routed_lr_sensitivity,1,natural_lr_sensitivity,11,3e-06,19,150,4.336208820343018,6.880814075469971
causal_routed_lr_sensitivity,1,natural_lr_sensitivity,11,3e-05,1,8,3.8699753284454346,1.1810028553009033
causal_routed_lr_sensitivity,1,natural_lr_sensitivity,11,3e-05,2,16,10.444195747375488,1.3034918308258057
causal_routed_lr_sensitivity,1,natural_lr_sensitivity,11,3e-05,3,24,2.0104219913482666,0.9821078181266785
causal_routed_lr_sensitivity,1,natural_lr_sensitivity,11,3e-05,4,32,2.6246402263641357,1.0706812143325806
causal_routed_lr_sensitivity,1,natural_lr_sensitivity,11,3e-05,5,40,3.3630852699279785,0.8412347435951233
causal_routed_lr_sensitivity,1,natural_lr_sensitivity,11,3e-05,6,48,8.789937019348145,1.096243977546692
causal_routed_lr_sensitivity,1,natural_lr_sensitivity,11,3e-05,7,56,3.809532403945923,0.9223743081092834
causal_routed_lr_sensitivity,1,natural_lr_sensitivity,11,3e-05,8,64,6.368458271026611,0.7780455946922302
causal_routed_lr_sensitivity,1,natural_lr_sensitivity,11,3e-05,9,72,4.046462535858154,1.1847007274627686
causal_routed_lr_sensitivity,1,natural_lr_sensitivity,11,3e-05,10,80,5.971635818481445,1.0973094701766968
causal_routed_lr_sensitivity,1,natural_lr_sensitivity,11,3e-05,11,88,3.182817220687866,1.1731860637664795
causal_routed_lr_sensitivity,1,natural_lr_sensitivity,11,3e-05,12,96,2.6596755981445312,0.9145992994308472
causal_routed_lr_sensitivity,1,natural_lr_sensitivity,11,3e-05,13,104,9.19292163848877,1.2085862159729004
causal_routed_lr_sensitivity,1,natural_lr_sensitivity,11,3e-05,14,112,4.563174247741699,0.8607192039489746
causal_routed_lr_sensitivity,1,natural_lr_sensitivity,11,3e-05,15,120,2.0088019371032715,0.9480202198028564
causal_routed_lr_sensitivity,1,natural_lr_sensitivity,11,3e-05,16,128,2.7333290576934814,1.1250109672546387
causal_routed_lr_sensitivity,1,natural_lr_sensitivity,11,3e-05,17,136,2.5719213485717773,1.0838876962661743
causal_routed_lr_sensitivity,1,natural_lr_sensitivity,11,3e-05,18,144,3.272590398788452,0.866636335849762
causal_routed_lr_sensitivity,1,natural_lr_sensitivity,11,3e-05,19,150,4.581688404083252,0.7180278897285461
routing_routed_lr_sensitivity,1,natural_lr_sensitivity,11,3e-05,1,8,3.8699753284454346,10.290284156799316
routing_routed_lr_sensitivity,1,natural_lr_sensitivity,11,3e-05,2,16,10.442713737487793,10.370305061340332
routing_routed_lr_sensitivity,1,natural_lr_sensitivity,11,3e-05,3,24,1.9088205099105835,8.495209693908691
routing_routed_lr_sensitivity,1,natural_lr_sensitivity,11,3e-05,4,32,2.4838969707489014,7.266239166259766
routing_routed_lr_sensitivity,1,natural_lr_sensitivity,11,3e-05,5,40,3.0516693592071533,8.39526653289795
routing_routed_lr_sensitivity,1,natural_lr_sensitivity,11,3e-05,6,48,7.666327953338623,9.181495666503906
routing_routed_lr_sensitivity,1,natural_lr_sensitivity,11,3e-05,7,56,2.6258907318115234,6.984094142913818
routing_routed_lr_sensitivity,1,natural_lr_sensitivity,11,3e-05,8,64,4.7617316246032715,5.88346529006958
routing_routed_lr_sensitivity,1,natural_lr_sensitivity,11,3e-05,9,72,2.8828036785125732,9.321349143981934
routing_routed_lr_sensitivity,1,natural_lr_sensitivity,11,3e-05,10,80,4.704845905303955,8.145544052124023
routing_routed_lr_sensitivity,1,natural_lr_sensitivity,11,3e-05,11,88,1.8170491456985474,9.765583038330078
routing_routed_lr_sensitivity,1,natural_lr_sensitivity,11,3e-05,12,96,1.5682086944580078,7.621989727020264
routing_routed_lr_sensitivity,1,natural_lr_sensitivity,11,3e-05,13,104,5.142270088195801,9.617630958557129
routing_routed_lr_sensitivity,1,natural_lr_sensitivity,11,3e-05,14,112,1.9432379007339478,6.854560375213623
routing_routed_lr_sensitivity,1,natural_lr_sensitivity,11,3e-05,15,120,1.4583362340927124,8.150282859802246
routing_routed_lr_sensitivity,1,natural_lr_sensitivity,11,3e-05,16,128,0.934647262096405,8.417160034179688
routing_routed_lr_sensitivity,1,natural_lr_sensitivity,11,3e-05,17,136,1.7501366138458252,7.676909923553467
routing_routed_lr_sensitivity,1,natural_lr_sensitivity,11,3e-05,18,144,1.9676635265350342,6.190151691436768
routing_routed_lr_sensitivity,1,natural_lr_sensitivity,11,3e-05,19,150,1.3047841787338257,6.523168087005615
