layer,expert,target_delta_nll,control_delta_nll,causal_specificity,target_relative_delta,control_relative_delta,causal_relative_specificity,renorm_target_delta_nll,renorm_control_delta_nll,renorm_causal_specificity,renorm_target_relative_delta,renorm_control_relative_delta,renorm_causal_relative_specificity,ci_2.5,ci_97.5,p_positive
1,126,0.022185519337654114,-0.007626752834767103,0.022185519337654114,0.012375368972343448,-0.0034125733434005336,0.012375368972343448,0.028941292315721512,0.024130532518029213,0.010843392927199602,0.0161438263171789,0.010797152315950314,0.008045962080216166,-0.012147439029067755,0.04849938604235644,0.8962
2,236,0.000598944432567805,0.013492286205291748,-0.009520270221401006,0.00033409893336944647,0.0060370930123521405,-0.004193720825894659,0.015207414515316486,0.02885890007019043,-0.006436760537326336,0.008482892055765278,0.012912849705899641,-0.0012017452236594527,-0.050841521497815845,0.02373773445561527,0.2766
3,52,0.024884428828954697,0.012551856227219105,0.015470536658540368,0.013880855513788377,0.005616299741082658,0.009668630707976383,0.013444853946566582,0.006665534805506468,0.00844570284243673,0.007499713026128462,0.002982478505542712,0.005262854146971428,-0.022054158121347426,0.05087578079476952,0.7746
4,127,0.013514445163309574,0.017077824100852013,0.0007060770876705647,0.007538531904844867,0.007641433851662302,0.0018074565160981406,0.002785555087029934,0.014734167605638504,-0.008265070617198944,0.001553818572832597,0.006592770042184415,-0.0033907589588057147,-0.037040030378848315,0.033573397306725365,0.5046
5,228,-0.0002276349114254117,0.010325833223760128,-0.007972009829245508,-0.0001269776910335814,0.004620270772007974,-0.003592180770039562,0.006126156076788902,-0.019725017249584198,0.006126156076788902,0.0034172489126163105,-0.008825914451717284,0.0034172489126163105,-0.037976261002942914,0.021872725630179037,0.288
6,51,0.01698336750268936,0.009842618368566036,0.009601403726264834,0.009473541549328087,0.004404057375599821,0.0061704985176282215,0.010944140143692493,0.001531038898974657,0.0097958609694615,0.006104782597239465,0.000685059900005238,0.005590987672235537,-0.029967693625018,0.043011724013835184,0.6614
7,9,0.01825692504644394,0.035961564630270004,-0.008714248426258564,0.010183948381442428,0.016090920933585284,-0.0018842423187465339,0.01963653229176998,0.010675422847270966,0.011629965156316757,0.010953511105577126,0.004776693860072941,0.00737099071052242,-0.04681882780231535,0.0271301793847233,0.3478
8,115,0.01415726076811552,0.023843150585889816,-0.0037251021713018417,0.007897102744209985,0.010668563918995426,-0.00010432019503658387,0.0105702830478549,0.014470419846475124,-0.0002825318370014429,0.005896240284864271,0.006474756702588618,0.0010401727579228068,-0.04157188049331307,0.03123880223557351,0.4224
9,184,0.004422335419803858,0.006315590348094702,-0.0003143573412671685,0.0024668357637519706,0.002825896647849585,0.00034741327786478194,0.010162582620978355,0.015630144625902176,-0.0015600258484482765,0.005668819725715319,0.006993672937806391,0.00042356502236052564,-0.03688599948212504,0.028022706627845735,0.4442
10,73,0.021770747378468513,0.002600399311631918,0.019820447894744575,0.012144003821220224,0.0011635428032516233,0.011271346718781506,0.0038018953055143356,0.017052069306373596,-0.008987156674265862,0.002120746261734135,0.007629909926997908,-0.0036016861835142964,-0.013351374447345734,0.04336890636011953,0.8744
11,80,0.009152505546808243,0.031027579680085182,-0.014118179213255644,0.005105385699532995,0.013883220502940044,-0.005307029677672037,0.02969142235815525,-0.00029582620481960475,0.02969142235815525,0.016562258534656968,-0.00013236676770810252,0.016562258534656968,-0.05306472464278341,0.02177056249603629,0.2212
12,67,0.011839589104056358,0.025197267532348633,-0.007058361545205116,0.0066042755823595475,0.01127446049063559,-0.001851569785617145,-0.006256067659705877,0.041593801230192184,-0.037451418582350016,-0.0034897152699690593,0.018611052489049047,-0.017448004636755846,-0.04306342337280512,0.028712100841104975,0.3568
13,64,-0.006209128070622683,0.001644679345190525,-0.007442637579515576,-0.003463531761461832,0.0007359080611939119,-0.004015462807357266,-0.0003400146961212158,0.014396317303180695,-0.011137252673506737,-0.00018966458510518745,0.006441599686830618,-0.00502086435022815,-0.040768901482224465,0.016712808728218034,0.2316
14,245,0.010049618780612946,0.015477936714887619,-0.0015588337555527687,0.005605807037854451,0.0069255678515349256,0.00041163114920325736,0.001109156641177833,0.001600263174623251,-9.104073978960514e-05,0.0006187018871991949,0.0007160341459146789,8.167627776318564e-05,-0.024580237142741677,0.018956556746736138,0.4432
15,174,2.2637843358097598e-05,0.02023078128695488,-0.015150448121858062,1.2627681147814651e-05,0.009052217428799999,-0.006776535390452185,0.006174771580845118,0.013097601011395454,-0.0036484291777014732,0.003444367268121787,0.005860492013092605,-0.0009510017416976668,-0.052498839940875765,0.015675800990313286,0.1876
16,213,-0.011801619082689285,0.012936792336404324,-0.021504213334992528,-0.006583095414469235,0.005788538534390545,-0.010924499315262143,-0.0021266972180455923,-0.018987735733389854,-0.0021266972180455923,-0.001186299151496603,-0.00849601950123754,-0.001186299151496603,-0.048123368004336954,0.0016457278095185657,0.0346
17,109,0.005300653167068958,0.0025274138897657394,0.0034050927497446537,0.0029567727371414094,0.0011308856409555058,0.0021086085064247802,-0.001766607747413218,0.02025984786450863,-0.01696149364579469,-0.0009854365981207098,0.009065223203327217,-0.007784354000616122,-0.012653828073292971,0.016398654494434586,0.6388
18,76,0.003009326523169875,0.006423247046768665,-0.0018081087619066238,0.0016786411674969861,0.002874067394705116,-0.0004769093785318506,-0.00896928645670414,0.018881360068917274,-0.023130306508392096,-0.005003183726781922,0.008448421950244303,-0.011339500189465149,-0.025776340881362558,0.015133770747110226,0.3852
19,188,0.003206329420208931,0.00013134210894349962,0.0031078228385013063,0.001788531925625017,5.876873022597207e-05,0.001744455377955538,-0.006307551637291908,0.01207627635449171,-0.015364758903160691,-0.003518433697024748,0.005403502600348139,-0.007571060647285853,-0.018060567717999215,0.017562466084957113,0.5438
20,124,0.016093917191028595,-0.01076109055429697,0.016093917191028595,0.008977394687862197,-0.004815025682241677,0.008977394687862197,0.026213841512799263,-0.014343260787427425,0.026213841512799263,0.014622419063809356,-0.006417859668597963,0.014622419063809356,-0.019413223147392272,0.04043765906244516,0.7952
21,105,-0.01316798571497202,-0.009423489682376385,-0.01316798571497202,-0.007345272353789202,-0.004216519190879171,-0.007345272353789202,0.003964289557188749,0.02041267789900303,-0.011345218867063522,0.00221133187088179,0.009133606657345692,-0.004638873122127479,-0.030725672399625183,0.002471000522375102,0.046
22,138,0.007426176220178604,0.012243435718119144,-0.0017564005684107542,0.004142416924285113,0.005478297680347896,3.3693664024191106e-05,0.000269553653197363,0.009392140433192253,-0.006774551671696827,0.00015036050612071006,0.004202492040082609,-0.0030015085239412462,-0.030186150688678023,0.018534438550472248,0.4546
23,57,-0.00540822371840477,0.0016413084231317043,-0.006639205035753548,-0.003016776978785628,0.0007343997497263929,-0.0035675767910804228,-0.0071466052904725075,-0.00479462742805481,-0.0071466052904725075,-0.003986468652063153,-0.00214534522187863,-0.003986468652063153,-0.029432640943676234,0.009312687315046786,0.196
24,83,-0.0017924117855727673,0.0009324708371423185,-0.002491764913429506,-0.0009998304235859024,0.0004172319716228785,-0.0013127544023030613,-0.009175713174045086,0.027271941304206848,-0.029629669152200222,-0.005118331213480964,0.012202768587604591,-0.014270407654184407,-0.02649585163407028,0.01045052212849259,0.2896
25,180,0.0,0.0,0.0,0.0,0.0,0.0,0.0,0.0,0.0,0.0,0.0,0.0,0.0,0.0,0.0
26,142,0.0029052651952952147,-0.008103307336568832,0.0029052651952952147,0.0016205944159830275,-0.0036258065797147615,0.0016205944159830275,0.0026861727237701416,0.004147479776293039,-0.0004244371084496379,0.001498381808158985,0.0018557804656196962,0.00010654645894421283,-0.007624226659536362,0.013688559114933009,0.6982
27,31,0.010110538452863693,0.005154380574822426,0.006244753021746874,0.005639788817153964,0.0023063159554871904,0.003910051850538571,0.001100159832276404,0.00435482757166028,-0.0021659608464688063,0.0006136833510975908,0.001948557768701752,-0.0008477349754287233,-0.007641256572678686,0.015811613576486694,0.798
28,251,0.006795806810259819,0.0001583567209308967,0.0066770392695616465,0.003790788733035917,7.085635739152646e-05,0.003737646464992272,0.0032578373793512583,-0.004553281702101231,0.0032578373793512583,0.00181726372990227,-0.0020373556214842987,0.00181726372990227,-0.00464897496253252,0.01414369094930589,0.8578
29,10,0.0006086504436098039,0.00412776181474328,-0.0024871709174476564,0.00033951307157672794,0.0018469577082249422,-0.0010457052095919788,0.004015488550066948,0.008916398510336876,-0.002671810332685709,0.0022398913297899574,0.003989622390384049,-0.000752325462998079,-0.015514840520918371,0.006218305444344871,0.287
30,189,0.003924350719898939,-0.004107192624360323,0.003924350719898939,0.0021890534720638314,-0.0018377540704098778,0.0021890534720638314,0.01278824731707573,0.0003953188715968281,0.012491758163378108,0.007133449375232322,0.0001768845369165172,0.007000785972544934,-0.007298276208341121,0.01118953129649162,0.7006
31,54,0.005286585073918104,0.007856727577745914,-0.0006059606093913317,0.002948925373244742,0.0035154750231255255,0.0003123191059005983,0.002869468880817294,0.0061675929464399815,-0.001756225829012692,0.0016006267698453758,0.0027596755444886465,-0.0004691298885211091,-0.010921402471140028,0.009115669060498474,0.451
32,176,0.0005169081850908697,0.006822550669312477,-0.004600004816893488,0.0002883380559168069,0.0030527348994398348,-0.0020012131186630693,-0.000444692384917289,0.0008130478672683239,-0.001054478285368532,-0.0002480551506947386,0.0003637964332737242,-0.0005209024756500317,-0.017279420532286167,0.007838416740298264,0.2316
33,128,-0.0065064094960689545,0.002576646860688925,-0.008438894641585648,-0.003629359176746979,0.0011529148226831457,-0.004494045293759338,-0.002730137202888727,0.002036397811025381,-0.004257435561157763,-0.0015229057619366168,0.0009111816046778477,-0.0022062919654450026,-0.017007523372769354,-0.0011262755095958717,0.011
34,230,0.0024121927563101053,0.0006772527121938765,0.001904253222164698,0.0013455522468246268,0.00030303519760636275,0.0011182758486198547,-0.0019354593241587281,0.0005177503917366266,-0.002323772117961198,-0.0010796241865194678,0.0002316662442922277,-0.0012533738697386386,-0.006104138474911452,0.006797919217497107,0.6292
35,45,-2.248883174615912e-05,0.00013041644706390798,-0.00012030116704409011,-1.2544560547803613e-05,5.835454490703837e-05,-5.6310469228082396e-05,0.0017990064807236195,-0.002022415166720748,0.0017990064807236195,0.001003509029640141,-0.0009049251020406149,0.001003509029640141,-0.005818885713815689,0.0030429428610950692,0.3438
36,149,0.0018116259016096592,-0.002376099582761526,0.0018116259016096592,0.0010105483054535758,-0.0010631803957817292,0.0010105483054535758,0.001547192339785397,0.0038824761286377907,-0.001364664756692946,0.0008630438523713309,0.001737205181552578,-0.0004398600337931026,-0.0021243890523910524,0.005257148295640943,0.8098
37,107,0.0024880908895283937,0.004988888278603554,-0.0012535753194242716,0.0013878892049364992,0.0022322668010370562,-0.000286310895841293,0.0015565049834549427,0.004376165568828583,-0.0017256191931664944,0.0008682385651821771,0.0019581054073778293,-0.0006003404903511949,-0.006048590224236251,0.002927748905494804,0.2988
38,0,0.0012422943254932761,0.0004781731986440718,0.0008836644265102223,0.0006929678055421824,0.00021395751856316157,0.0005324996666198112,0.004831256810575724,0.0025975920725613832,0.002883062756154686,0.0026949373923172626,0.0011622867104650592,0.0018232223594684682,-0.0034547596070915454,0.0034673362970352147,0.6234
39,13,0.0,3.814697180359872e-08,-2.8610228852699038e-08,0.0,1.7068776441132436e-08,-1.2801582330849327e-08,0.0,3.099441414633475e-08,-2.324581060975106e-08,0.0,1.3868380659713389e-08,-1.0401285494785041e-08,-8.58306884765625e-08,0.0,0.0
10,127,0.015196966007351875,0.0033011543564498425,0.012721100240014493,0.008477063743193253,0.001477094066549134,0.007369243193281403,0.012396980077028275,0.028295669704675674,-0.008824772201478481,0.006915195459753338,0.012660833549982339,-0.002580429702733416,-0.024320593239739535,0.03614009886980056,0.7212
27,70,0.003912466578185558,0.0007699525449424982,0.0033350021694786847,0.002182424344461076,0.00034451352855915734,0.001924039198041708,0.0042783175595104694,-0.007555563934147358,0.0042783175595104694,0.002386500742848802,-0.003380720030481635,0.002386500742848802,-0.00809835212305188,0.009888756066560743,0.6784
23,213,0.00039932847721502185,0.009423401206731796,-0.006668222427833825,0.0002227505775946594,0.004216479602651677,-0.0029396091243940985,0.0019473349675536156,-0.0035953372716903687,0.0019473349675536156,0.0010862485736505038,-0.0016087255480437528,0.0010862485736505038,-0.02269655054435134,0.007147621322423209,0.1828
6,169,0.013759881258010864,0.007375297602266073,0.00822840805631131,0.007675439325619298,0.0033000602671172893,0.005200394125281331,0.014000746421515942,0.013430488295853138,0.003927880199626088,0.007809797021988391,0.006009441677243085,0.0033027157640560774,-0.02777605563029647,0.03629415237903594,0.6478
19,155,-0.005613856483250856,0.009119509719312191,-0.012453488772735,-0.0031314815885377357,0.004080504042446421,-0.006191859620372551,-0.015176099725067616,0.004554577637463808,-0.01859203295316547,-0.008465424261672959,0.002037935484837539,-0.009993875875301112,-0.04203915277123452,0.0102007155418396,0.1522
13,173,0.02096429653465748,-0.006385515443980694,0.02096429653465748,0.011694155133960485,-0.0028571844741925962,0.011694155133960485,-0.00026615618844516575,0.01242353767156601,-0.009583809442119673,-0.0001484653564404584,0.005558883892952739,-0.0043176282761550125,-0.010033484879881144,0.04123730322718619,0.9132
22,241,-0.005679809954017401,0.0005782443331554532,-0.006113493203883991,-0.0031682712856063713,0.00025873412185370437,-0.0033623218769966495,0.007650051265954971,0.004941168241202831,0.003944175085052848,0.004267297313741697,0.0022109145779995627,0.0026091113802420253,-0.022362934421747922,0.005753609929233781,0.1362
28,72,-0.0010543465614318848,0.009303673170506954,-0.0080321014393121,-0.0005881281174381034,0.004162907563052328,-0.0037103087897273498,0.0008145105675794184,0.005370131693780422,-0.0032130882027558982,0.0004543445051818213,0.002402853306744802,-0.0013477954748767802,-0.0184756120108068,0.002503251297399395,0.0654
37,46,-0.000257183302892372,-0.00034120649797841907,-0.000257183302892372,-0.00014346016509143432,-0.00015267207746503007,-0.00014346016509143432,0.0023655605036765337,-0.000771984166931361,0.0023655605036765337,0.0013195401745549225,-0.00034542257323298686,0.0013195401745549225,-0.00407846686989069,0.0024731238298118085,0.37
30,229,-0.04258907213807106,0.014798382297158241,-0.05368785886093974,-0.023756734015409894,0.0066215027609813305,-0.02872286108614589,-0.041951924562454224,0.010231604799628258,-0.04962562816217542,-0.023401324875867695,0.0045781084762905625,-0.02683490623308562,-0.09767324217967689,-0.010975442549213772,0.0066
25,168,0.1600451022386551,0.09092985838651657,0.09184770844876766,0.08927522327855575,0.040686359919055594,0.05876045333926405,0.1308075338602066,0.07202603667974472,0.07678800635039806,0.0729661303503899,0.03222788755964604,0.04879521468065537,0.031801567915827035,0.15303123550117012,0.9992
24,153,0.036378271877765656,0.09562250226736069,-0.03533860482275486,0.020292269484964813,0.04278607283289742,-0.01179728513970825,0.03250669315457344,0.07071283459663391,-0.020527932792901993,0.018132652913643018,0.03164029825127181,-0.00559757077481084,-0.1047397139016539,0.02855959548056123,0.1464
23,28,0.03228778764605522,0.05206955596804619,-0.00676437932997942,0.0180105445961968,0.023298405304186406,0.0005367406180569953,0.0542709156870842,0.052174922078847885,0.015139724127948284,0.030273017091590256,0.02334555113266803,0.012763853742089236,-0.06474319270998238,0.04553934682719406,0.411
29,194,-0.017682410776615143,0.0239833015948534,-0.035669886972755194,-0.009863476908099869,0.010731274171654927,-0.017911932536841063,-0.01179576851427555,0.016340142115950584,-0.02405087510123849,-0.006579831891911301,0.007311359712363374,-0.012063351676183831,-0.08919828861765562,0.012860504733398536,0.08
26,134,-0.09571041166782379,0.0012355861254036427,-0.09663710126187652,-0.05338850269210999,0.000552860223266535,-0.05380314785955989,-0.07326307147741318,0.016420507803559303,-0.08557845233008265,-0.04086708666951715,0.007347319157909762,-0.04637757603794947,-0.1308838076926768,-0.07486625591851771,0.0
36,252,-0.026089448481798172,-0.01009340025484562,-0.026089448481798172,-0.014553031025927643,-0.004516269164635927,-0.014553031025927643,-0.02807835303246975,0.008069566451013088,-0.034130527870729566,-0.015662467649462476,0.00361070929662131,-0.01837049962192846,-0.05768886329978704,-0.006931385576725011,0.0036
34,89,0.08114419132471085,-0.0003158867475576699,0.08114419132471085,0.04526327701968096,-0.00014134281228240643,0.04526327701968096,0.10130264610052109,-0.0009052580571733415,0.10130264610052109,0.056507923221834254,-0.00040505567464120366,0.056507923221834254,0.040641403321176765,0.1228398198969662,1.0
32,227,-0.031232692301273346,0.0006410804344341159,-0.03171350262709893,-0.017421998797743643,0.000286849993558537,-0.017637136292912546,-0.049217596650123596,0.0016927820397540927,-0.050487183179939166,-0.02745421052386592,0.0007574315033153165,-0.028022284151352408,-0.07689528376236558,0.00498504190891981,0.05
31,249,-0.003961607348173857,0.000639864185359329,-0.0044415054871933535,-0.002209835700081591,0.0002863057856549279,-0.002424565039322787,-0.015353052876889706,0.002450007013976574,-0.017190558137372136,-0.008564131013193567,0.0010962501090801518,-0.009386318595003681,-0.04894046654552221,0.03887792663648724,0.4098
32,12,0.018036918714642525,0.004673908464610577,0.014531487366184592,0.010061226010563631,0.002091329794131349,0.00849272866496512,0.05788150802254677,0.006623961962759495,0.05291353655047715,0.03228705208802272,0.0029638768308796787,0.030064144464862958,-0.011618841979652642,0.04187466381303965,0.8532
31,38,-0.04652414470911026,-0.054088182747364044,-0.04652414470911026,-0.025951768274396395,-0.024201635300833458,-0.025951768274396395,-0.06073838099837303,-0.05775470659136772,-0.06073838099837303,-0.03388065269952435,-0.025842213120000648,-0.03388065269952435,-0.08200987607240677,-0.014395085871219637,0.0022
6,242,-0.011067993938922882,0.036692239344120026,-0.0385871734470129,-0.00617386984244989,0.01641785968526669,-0.018487264606399906,0.0118858078494668,0.021938122808933258,-0.004567784257233143,0.006630056994964222,0.009816163539577852,-0.0007320656597191678,-0.08059810118190944,0.0031610867269337125,0.038
33,154,0.04466370493173599,0.006464758887887001,0.03981513576582074,0.024913990959138578,0.0028926417743270873,0.022744509628393264,0.02741355635225773,0.00046598046901635826,0.02706407100049546,0.01529163548258823,0.0002085019092085291,0.015135259050681832,0.012709995482116938,0.06837331201322376,0.9976
21,60,0.021014904603362083,-0.0006721118115819991,0.021014904603362083,0.011722384967739233,-0.0003007349132298729,0.011722384967739233,0.037286341190338135,-0.002643198473379016,0.037286341190338135,0.02079880226540208,-0.0011826931915836314,0.02079880226540208,-0.01808157756924629,0.055474830286577306,0.841
5,45,0.04312014579772949,0.016051949933171272,0.031081183347851038,0.024052973755834234,0.0071824087705882785,0.018666167177893024,0.04917295277118683,-0.0003445780312176794,0.04917295277118683,0.027429307592102613,-0.00015418066240385745,0.027429307592102613,-0.014215268045663833,0.0765767479166388,0.9034
23,176,-0.030861826613545418,-0.0033443807624280453,-0.030861826613545418,-0.01721512513141367,-0.0014964356243481194,-0.01721512513141367,-0.037917278707027435,0.002933238632977009,-0.04011720768176019,-0.02115074735393882,0.0013124710064156197,-0.022135100608750534,-0.05666760322451592,-0.007730579048395161,0.0046
36,229,0.6817286014556885,0.6501367092132568,0.19412606954574585,0.3802770110364208,0.2909022032697162,0.16210035858413363,0.6808834075927734,0.6584017872810364,0.18708206713199615,0.37980555099315816,0.2946003937980173,0.1588552556446452,-0.05476115196943282,0.42856661861389833,0.9448
38,60,0.4950798451900482,0.44383132457733154,0.16220635175704956,0.27616192624343433,0.19859132451681227,0.12721843285582513,0.49771690368652344,0.4494588077068329,0.16062279790639877,0.27763291150182967,0.20110932914266413,0.12680091464483156,-0.01496961539983746,0.3334339421279728,0.962
10,66,0.09267625212669373,0.026781924068927765,0.0725898090749979,0.05169600934674523,0.01198351148157943,0.04270837573556066,0.09074369072914124,0.004017814062535763,0.08773033018223941,0.050618001661082074,0.00179776183463641,0.04926968028510477,0.006127264704555273,0.14992678621411323,0.981
9,123,0.04671816900372505,0.008250797167420387,0.04053007112815976,0.02605999752965577,0.00369180057166534,0.023291147100906764,0.013118509203195572,0.006282378453761339,0.008406725362874568,0.007317673717066787,0.0028110360606847288,0.005209396671553241,0.0034666917845606817,0.07077285664528606,0.9836
33,234,0.03796536847949028,-0.018919426947832108,0.03796536847949028,0.02117757244957738,-0.008465454889303115,0.02117757244957738,0.04150766506791115,-0.007325670216232538,0.04150766506791115,0.023153511197009785,-0.0032778546052386636,0.023153511197009785,0.02079626426100731,0.055357544004917096,1.0
9,222,0.03711709380149841,-0.012886869721114635,0.03711709380149841,0.020704393887909543,-0.005766200772847545,0.020704393887909543,0.008114865981042385,0.02861759625375271,-0.013348331209272146,0.004526576959867379,0.012804878857823597,-0.005077082183500319,0.00465716177970171,0.06123669899068771,0.9874
36,95,-0.0011402034433558583,-0.006912815384566784,-0.0011402034433558583,-0.0006360201940874323,-0.0030931236425655183,-0.0006360201940874323,-0.0009625613456591964,-0.0005116739775985479,-0.0009625613456591964,-0.0005369291396677105,-0.00022894736649976247,-0.0005369291396677105,-0.005696094756945968,0.0019440388083457841,0.216
33,1,0.0037455845158547163,-0.011697509326040745,0.0037455845158547163,0.0020893353766177764,-0.0052340241482920396,0.0020893353766177764,0.00368974800221622,-0.013857164420187473,0.00368974800221622,0.00205818904878614,-0.00620035694612806,0.00205818904878614,-0.005540728375315666,0.010952970057725907,0.8006
